Countries,Total Cases,New Cases,Total Recovered,Active Cases,Total Cases Per Million,Death per million,Total Deaths,New Deaths
China,82735,16,77062,1041,57,3,4632,0
USA,764636,25844,71187,652874,2310,123,40575,1561
Spain,198674,4258,77357,100864,4249,437,20453,410
Italy,178972,3047,47055,108257,2960,391,23660,433
France,152894,1101,36578,96598,2342,302,19718,395
Germany,145742,2018,88000,53100,1739,55,4642,104
UK,120067,5850,0,103663,1769,237,16060,596
Turkey,86306,3977,11976,72313,1023,24,2017,127
Iran,82211,1343,57023,20070,979,61,5118,87
Russia,42853,6060,3291,39201,294,2,361,48
Brazil,38654,1932,22130,14062,182,12,2462,101
Belgium,38496,1313,8757,24056,3322,490,5683,230
Canada,35056,1673,11843,21626,929,42,1587,117
Netherlands,32655,1066,250,28721,1906,215,3684,83
Switzerland,27740,336,17800,8547,3205,161,1393,25
Portugal,20206,521,610,18882,1982,70,714,27
India,17615,1250,2854,14202,13,0.4,559,38
Peru,15628,1208,6811,8417,474,12,400,52
Ireland,15251,493,77,14564,3089,124,610,39
Austria,14749,78,10501,3796,1638,50,452,9
Sweden,14385,563,550,12295,1424,152,1540,29
Israel,13491,226,3754,9565,1559,20,172,8
Japan,10797,501,1159,9402,85,2,236,14
S. Korea,10661,8,8042,2385,208,5,234,2
Chile,10088,358,4338,5617,528,7,133,7
Ecuador,9468,446,1061,7933,537,27,474,18
Saudi Arabia,9362,1088,1398,7867,269,3,97,5
Poland,9287,545,1040,7887,245,10,360,13
Romania,8746,328,1892,6403,455,23,451,30
Pakistan,8348,710,1868,6312,38,0.8,168,25
Mexico,7497,622,2627,4220,58,5,650,104
Denmark,7384,142,4141,2888,1275,61,355,9
Norway,7078,42,32,6881,1306,30,165,1
UAE,6781,479,1286,5454,686,4,41,4
Czechia,6746,140,1298,5262,630,17,186,5
Australia,6612,26,4230,2311,259,3,71,1
Singapore,6588,596,768,5809,1126,2,11,0
Indonesia,6575,327,686,5307,24,2,582,47
Serbia,6318,324,753,5443,723,14,122,5
Philippines,6259,172,572,5278,57,4,409,12
Ukraine,5449,343,347,4961,125,3,141,8
Qatar,5448,440,518,4922,1891,3,8,0
Malaysia,5389,84,3197,2103,167,3,89,1
Belarus,4779,0,494,4238,506,5,47,2
Dominican Republic,4680,345,363,4091,431,21,226,9
Panama,4273,63,140,4013,990,28,120,4
Colombia,3792,171,711,2902,75,4,179,13
Finland,3783,102,1700,1989,683,17,94,4
Luxembourg,3550,13,627,2850,5671,117,73,1
South Africa,3158,124,903,2201,53,0.9,54,2
Egypt,3144,112,732,2173,31,2,239,15
Argentina,2941,102,709,2098,65,3,134,2
Morocco,2855,170,327,2387,77,4,141,4
Thailand,2765,32,1928,790,40,0.7,47,0
Algeria,2629,95,1047,1207,60,9,375,8
Moldova,2472,121,457,1948,613,17,67,10
Bangladesh,2456,312,75,2290,15,0.6,91,7
Greece,2235,0,269,1853,214,11,113,3
Hungary,1916,82,250,1477,198,20,189,17
Kuwait,1915,164,305,1603,448,2,7,1
Bahrain,1881,108,759,1115,1105,4,7,0
Croatia,1871,39,709,1115,456,11,47,8
Iceland,1771,11,1291,471,5190,26,9,0
Kazakhstan,1676,61,400,1259,89,0.9,17,0
Uzbekistan,1565,75,225,1335,47,0.1,5,0
Iraq,1539,26,1009,448,38,2,82,0
Estonia,1528,16,164,1324,1152,30,40,2
New Zealand,1431,9,912,507,297,2,12,1
Azerbaijan,1398,25,712,667,138,2,19,1
Slovenia,1330,13,192,1064,640,36,74,4
Lithuania,1298,59,242,1021,477,13,35,2
Armenia,1291,43,545,726,436,7,20,0
Bosnia and Herzegovina,1285,17,347,890,392,15,48,1
Oman,1266,86,233,1026,248,1,7,1
North Macedonia,1207,37,179,977,579,24,51,2
Slovakia,1161,72,229,920,213,2,12,1
Ghana,1042,208,99,934,34,0.3,9,0
Cuba,1035,49,255,746,91,3,34,2
Hong Kong,1026,2,602,420,137,0.5,4,0
Cameroon,1017,0,305,670,38,2,42,0
Afghanistan,996,63,131,832,26,0.8,33,3
Bulgaria,894,16,161,691,129,6,42,1
Tunisia,879,13,43,798,74,3,38,1
Ivory Coast,847,46,260,578,32,0.3,9,1
Djibouti,846,114,102,742,856,2,2,0
Cyprus,767,6,81,674,635,10,12,0
Latvia,727,15,88,634,385,3,5,0
Andorra,713,9,235,442,9228,466,36,1
Diamond Princess,712,0,644,55,0,0,13,0
Lebanon,673,1,102,550,99,3,21,0
Costa Rica,660,5,112,543,130,1,5,1
Niger,648,9,117,511,27,0.8,20,1
Nigeria,627,85,170,436,3,0.1,21,2
Guinea,579,61,87,487,44,0.4,5,2
Burkina Faso,576,11,338,202,28,2,36,0
Albania,562,14,314,222,195,9,26,0
Kyrgyzstan,554,48,133,416,85,0.8,5,0
Bolivia,520,27,31,457,45,3,32,1
Uruguay,517,0,298,209,149,3,10,1
Channel Islands,488,4,73,394,2807,121,21,0
Honduras,472,15,15,411,48,5,46,0
San Marino,461,6,60,362,13586,1149,39,0
Palestine,439,21,71,365,86,0.6,3,1
Malta,427,1,118,306,967,7,3,0
Taiwan,420,22,189,225,18,0.3,6,0
Jordan,417,4,276,134,41,0.7,7,0
Réunion,408,1,237,171,456,0,0,0
Georgia,394,6,93,297,99,1,4,0
Senegal,367,17,220,144,22,0.2,3,0
Mauritius,328,3,208,111,258,7,9,0
DRC,327,20,26,276,4,0.3,25,0
Montenegro,308,1,55,248,490,8,5,0
Isle of Man,298,1,193,99,3505,71,6,0
Sri Lanka,271,17,96,168,13,0.3,7,0
Mayotte,271,17,117,150,993,15,4,0
Kenya,270,8,67,189,5,0.3,14,2
Vietnam,268,0,202,66,3,0,0,0
Guatemala,257,22,21,229,14,0.4,7,0
Venezuela,256,29,117,130,9,0.3,9,0
Mali,224,8,42,168,11,0.7,14,1
Paraguay,206,4,41,157,29,1,8,0
El Salvador,201,11,44,150,31,1,7,0
Faeroe Islands,185,1,176,9,3786,0,0,0
Jamaica,173,10,27,141,58,2,5,0
Tanzania,170,23,11,152,3,0.1,7,2
Somalia,164,29,3,154,10,0.4,7,0
Martinique,163,0,73,78,434,32,12,0
Guadeloupe,148,0,73,67,370,20,8,0
Rwanda,147,3,76,71,11,0,0,0
Congo,143,0,11,126,26,1,6,0
Brunei ,138,1,115,22,315,2,1,0
Gibraltar,132,0,120,12,3918,0,0,0
Cambodia,122,0,105,17,7,0,0,0
Madagascar,121,1,39,82,4,0,0,0
Trinidad and Tobago,114,0,21,85,81,6,8,0
Myanmar,111,13,7,99,2,0.09,5,0
Gabon,109,1,7,101,49,0.4,1,0
Ethiopia,108,3,16,89,0.9,0.03,3,0
Aruba,97,1,49,46,909,19,2,0
French Guiana,96,0,64,32,321,0,0,0
Monaco,94,0,22,69,2395,76,3,0
Liberia,91,15,7,76,18,2,8,1
Bermuda,86,3,35,46,1381,80,5,0
Togo,84,0,52,27,10,0.6,5,0
Liechtenstein,81,0,55,25,2124,26,1,0
Equatorial Guinea,79,0,4,75,56,0,0,0
Barbados,75,0,17,53,261,17,5,0
Sint Maarten,67,3,12,45,1563,233,10,1
Sudan,66,0,6,50,2,0.2,10,0
Guyana,65,2,9,49,83,9,7,1
Zambia,61,4,33,25,3,0.2,3,1
Cabo Verde,61,3,1,59,110,2,1,0
Cayman Islands,61,0,7,53,928,15,1,0
Bahamas,60,2,11,40,153,23,9,0
French Polynesia,55,0,2,53,196,0,0,0
Uganda,55,0,28,27,1,0,0,0
Maldives,52,17,16,36,96,0,0,0
Libya,51,2,11,39,7,0.1,1,0
Guinea-Bissau,50,4,3,47,25,0,0,0
Haiti,47,3,0,44,4,0.3,3,0
Macao,45,0,17,28,69,0,0,0
Syria,39,1,5,31,2,0.2,3,1
Eritrea,39,0,3,36,11,0,0,0
Mozambique,39,4,8,31,1,0,0,0
Saint Martin,37,0,19,16,957,52,2,0
Benin,35,0,18,16,3,0.08,1,0
Sierra Leone,35,5,6,29,4,0,0,0
Chad,33,0,8,25,2,0,0,0
Mongolia,32,1,7,25,10,0,0,0
Nepal,31,0,4,27,1,0,0,0
Zimbabwe,25,0,2,20,2,0.2,3,0
Angola,24,0,6,16,0.7,0.06,2,0
Antigua and Barbuda,23,0,3,17,235,31,3,0
Eswatini,22,0,8,13,19,0.9,1,0
Botswana,20,5,0,19,9,0.4,1,0
Laos,19,0,2,17,3,0,0,0
Timor-Leste,19,1,1,18,14,0,0,0
Belize,18,0,2,14,45,5,2,0
New Caledonia,18,0,15,3,63,0,0,0
Malawi,17,0,3,12,0.9,0.1,2,0
Fiji,17,0,0,17,19,0,0,0
Dominica,16,0,8,8,222,0,0,0
Namibia,16,0,6,10,6,0,0,0
Saint Lucia,15,0,11,4,82,0,0,0
Curaçao,14,0,11,2,85,6,1,0
Grenada,14,0,6,8,124,0,0,0
Saint Kitts and Nevis,14,0,0,14,263,0,0,0
CAR,12,0,4,8,2,0,0,0
St. Vincent Grenadines,12,0,1,11,108,0,0,0
Turks and Caicos,11,0,0,10,284,26,1,0
Falkland Islands,11,0,3,8,3161,0,0,0
Greenland,11,0,11,0,194,0,0,0
Montserrat,11,0,2,9,2204,0,0,0
Seychelles,11,0,5,6,112,0,0,0
Nicaragua,10,1,6,2,2,0.3,2,0
Gambia,10,1,2,7,4,0.4,1,0
Suriname,10,0,6,3,17,2,1,0
MS Zaandam,9,0,0,7,0,0,2,0
Vatican City,8,0,2,6,9988,0,0,0
Mauritania,7,0,6,0,2,0.2,1,0
Papua New Guinea,7,0,0,7,0.8,0,0,0
St. Barth,6,0,5,1,607,0,0,0
Western Sahara,6,0,0,6,10,0,0,0
Burundi,5,0,0,4,0.4,0.08,1,0
Bhutan,5,0,2,3,6,0,0,0
Caribbean Netherlands,5,2,0,5,191,0,0,0
British Virgin Islands,4,0,2,1,132,33,1,1
Sao Tome and Principe,4,0,0,4,18,0,0,0
South Sudan,4,0,0,4,0.4,0,0,0
Anguilla,3,0,1,2,200,0,0,0
Saint Pierre Miquelon,1,0,0,1,173,0,0,0
China,82758,11,77123,1003,57,3,4632,0
USA,818744,25985,82923,690503,2474,137,45318,2804
Spain,204178,3968,82514,100382,4367,455,21282,430
Italy,183957,2729,51600,107709,3043,408,24648,534
France,158050,2667,39181,98073,2421,319,20796,531
Germany,148453,1388,95200,48167,1772,61,5086,224
UK,129044,4301,0,111363,1901,255,17337,828
Turkey,95591,4611,14918,78414,1133,27,2259,119
Iran,84802,1297,60965,18540,1010,63,5297,88
Russia,52763,5642,3873,48434,362,3,456,51
Brazil,43079,2336,24325,16013,203,13,2741,154
Belgium,40956,973,9002,25956,3534,518,5998,170
Canada,38422,1593,13188,23400,1018,49,1834,144
Netherlands,34134,729,0,29968,1992,229,3916,165
Switzerland,28063,119,19400,7185,3243,171,1478,49
Portugal,21379,516,917,19700,2097,75,762,27
India,20080,1541,3975,15460,15,0.5,645,53
Peru,17837,1512,6982,10371,541,15,484,39
Ireland,16040,388,9233,6077,3248,148,730,43
Sweden,15322,545,550,13007,1517,175,1765,185
Austria,14873,78,10971,3411,1651,55,491,21
Israel,13942,229,4507,9251,1611,21,184,7
Saudi Arabia,11631,1147,1640,9882,334,3,109,6
Japan,11512,377,1356,9875,91,2,281,18
Chile,10832,325,4969,5716,567,8,147,8
S. Korea,10683,9,8213,2233,208,5,237,1
Ecuador,10398,270,1207,8671,589,29,520,13
Poland,9856,263,1297,8158,260,11,401,21
Pakistan,9565,673,2073,7291,43,0.9,201,25
Romania,9242,306,2153,6591,480,26,498,20
Singapore,9125,1111,839,8275,1560,2,11,0
Mexico,8772,511,2627,5433,68,6,712,26
UAE,7755,490,1443,6266,784,5,46,3
Denmark,7695,180,4700,2625,1329,64,370,6
Norway,7241,85,32,7027,1336,34,182,1
Indonesia,7135,375,842,5677,26,2,616,26
Czechia,7033,133,1753,5079,657,19,201,7
Serbia,6890,260,977,5783,789,15,130,5
Belarus,6723,459,577,6091,711,6,55,4
Australia,6645,20,4685,1889,261,3,71,0
Philippines,6599,140,654,5508,60,4,437,9
Qatar,6533,518,614,5910,2268,3,9,0
Ukraine,6125,415,367,5597,140,4,161,10
Malaysia,5482,57,3349,2041,169,3,92,3
Dominican Republic,5044,80,463,4336,465,23,245,10
Panama,4658,191,204,4318,1080,32,136,10
Colombia,4149,172,804,3149,82,4,196,7
Finland,4014,146,2000,1873,724,25,141,43
Luxembourg,3618,60,670,2870,5780,125,78,3
Egypt,3490,157,870,2356,34,3,264,14
South Africa,3465,165,1055,2352,58,1,58,0
Bangladesh,3382,434,87,3185,21,0.7,110,9
Morocco,3209,163,393,2671,87,4,145,2
Argentina,3144,113,840,2153,70,3,151,9
Algeria,2811,93,1152,1267,64,9,392,8
Thailand,2811,19,2108,655,40,0.7,48,1
Moldova,2614,66,505,2037,648,18,72,2
Greece,2401,156,577,1703,230,12,121,5
Hungary,2098,114,287,1598,217,22,213,14
Kuwait,2080,85,412,1657,487,3,11,2
Kazakhstan,1995,143,489,1487,106,1,19,0
Bahrain,1973,66,784,1182,1160,4,7,0
Croatia,1908,27,801,1059,465,12,48,1
Iceland,1778,5,1417,351,5210,29,10,0
Uzbekistan,1678,51,357,1315,50,0.2,6,1
Iraq,1602,28,1096,423,40,2,83,1
Estonia,1552,17,169,1340,1170,32,43,3
Oman,1508,98,238,1262,295,2,8,1
Azerbaijan,1480,44,865,595,146,2,20,1
New Zealand,1445,5,1006,426,300,3,13,1
Armenia,1401,62,609,768,473,8,24,2
Lithuania,1350,24,298,1014,496,14,38,1
Slovenia,1344,9,197,1070,646,37,77,0
Bosnia and Herzegovina,1342,33,437,854,409,16,51,2
North Macedonia,1231,6,224,952,591,26,55,1
Slovakia,1199,26,258,927,220,3,14,1
Cameroon,1163,0,329,791,44,2,43,1
Cuba,1137,50,309,790,100,3,38,2
Afghanistan,1092,66,150,906,28,0.9,36,0
Ghana,1042,0,99,934,34,0.3,9,0
Hong Kong,1030,4,650,376,137,0.5,4,0
Bulgaria,975,46,170,760,140,6,45,2
Djibouti,945,99,112,831,956,2,2,0
Ivory Coast,916,37,303,600,35,0.5,13,3
Tunisia,901,17,170,693,76,3,38,0
Cyprus,784,12,98,674,649,10,12,0
Nigeria,782,117,197,560,4,0.1,25,3
Latvia,748,9,133,606,397,5,9,4
Andorra,717,0,282,398,9280,479,37,0
Diamond Princess,712,0,644,55,0,0,13,0
Guinea,688,66,127,555,52,0.5,6,1
Lebanon,677,0,108,548,99,3,21,0
Costa Rica,669,7,150,513,131,1,6,0
Niger,657,9,127,510,27,0.8,20,0
Albania,609,25,345,238,212,9,26,0
Burkina Faso,600,19,362,200,29,2,38,0
Bolivia,598,34,37,527,51,3,34,1
Kyrgyzstan,590,22,216,367,90,1,7,0
Uruguay,543,8,324,207,156,3,12,2
Channel Islands,496,8,256,216,2853,138,24,0
Honduras,494,17,29,419,50,5,46,0
San Marino,476,14,62,374,14028,1179,40,1
Palestine,466,17,71,391,91,0.8,4,1
Malta,443,12,150,290,1003,7,3,0
Jordan,428,3,297,124,42,0.7,7,0
Taiwan,425,3,217,202,18,0.3,6,0
Senegal,412,35,242,165,25,0.3,5,0
Réunion,410,2,238,172,458,0,0,0
Georgia,408,6,97,307,102,1,4,0
DRC,350,18,35,290,4,0.3,25,0
Mauritius,328,0,243,76,258,7,9,0
Montenegro,313,1,101,207,498,8,5,0
Mayotte,311,40,117,190,1140,15,4,0
Sri Lanka,310,6,102,201,14,0.3,7,0
Isle of Man,307,7,209,89,3610,106,9,0
Kenya,296,15,74,208,6,0.3,14,0
Guatemala,294,5,24,263,16,0.4,7,0
Venezuela,288,3,122,156,10,0.4,10,0
Somalia,286,49,4,274,18,0.5,8,0
Vietnam,268,0,216,52,3,0,0,0
Mali,258,12,57,187,13,0.7,14,0
Tanzania,254,0,11,233,4,0.2,10,0
Jamaica,228,5,27,195,77,2,6,1
El Salvador,225,7,48,170,35,1,7,0
Paraguay,208,0,53,147,29,1,8,0
Faeroe Islands,185,0,178,7,3786,0,0,0
Congo,165,5,16,143,30,1,6,0
Martinique,163,0,73,76,434,37,14,2
Gabon,156,36,16,139,70,0.4,1,0
Rwanda,150,3,84,66,12,0,0,0
Guadeloupe,148,0,73,63,370,30,12,4
Sudan,140,33,8,119,3,0.3,13,1
Brunei ,138,0,116,21,315,2,1,0
Gibraltar,132,0,120,12,3918,0,0,0
Cambodia,122,0,110,12,7,0,0,0
Myanmar,121,2,7,109,2,0.09,5,0
Madagascar,121,0,44,77,4,0,0,0
Trinidad and Tobago,115,1,28,79,82,6,8,0
Ethiopia,114,3,16,95,1,0.03,3,0
Liberia,101,2,7,86,20,2,8,0
Bermuda,98,9,39,54,1574,80,5,0
Aruba,97,0,51,44,909,19,2,0
French Guiana,97,0,76,20,325,3,1,0
Monaco,94,0,26,65,2395,76,3,0
Togo,86,2,56,24,10,0.7,6,0
Maldives,86,17,16,70,159,0,0,0
Equatorial Guinea,83,4,7,76,59,0,0,0
Liechtenstein,81,0,55,25,2124,26,1,0
Barbados,75,0,25,45,261,17,5,0
Zambia,70,5,35,32,4,0.2,3,0
Sint Maarten,68,1,12,46,1586,233,10,0
Cabo Verde,68,1,1,66,122,2,1,0
Guyana,66,1,9,50,84,9,7,0
Cayman Islands,66,0,7,58,1004,15,1,0
Bahamas,65,5,12,44,165,23,9,0
Uganda,61,5,38,23,1,0,0,0
Libya,59,8,15,43,9,0.1,1,0
Haiti,57,0,0,54,5,0.3,3,0
French Polynesia,57,1,35,22,203,0,0,0
Benin,54,0,27,26,4,0.08,1,0
Guinea-Bissau,50,0,3,47,25,0,0,0
Sierra Leone,50,7,6,44,6,0,0,0
Macao,45,0,24,21,69,0,0,0
Syria,42,3,6,33,2,0.2,3,0
Nepal,42,11,4,38,1,0,0,0
Eritrea,39,0,6,33,11,0,0,0
Mozambique,39,0,8,31,1,0,0,0
Saint Martin,38,1,19,17,983,52,2,0
Mongolia,34,1,8,26,10,0,0,0
Chad,33,0,8,25,2,0,0,0
Eswatini,31,7,8,22,27,0.9,1,0
Zimbabwe,28,3,2,23,2,0.2,3,0
Angola,24,0,6,16,0.7,0.06,2,0
Antigua and Barbuda,23,0,7,13,235,31,3,0
Timor-Leste,23,1,1,22,17,0,0,0
Botswana,20,0,0,19,9,0.4,1,0
Laos,19,0,2,17,3,0,0,0
Belize,18,0,2,14,45,5,2,0
Malawi,18,1,3,13,0.9,0.1,2,0
Fiji,18,0,8,10,20,0,0,0
New Caledonia,18,0,17,1,63,0,0,0
Dominica,16,0,8,8,222,0,0,0
Namibia,16,0,6,10,6,0,0,0
Saint Kitts and Nevis,15,0,0,15,282,0,0,0
Saint Lucia,15,0,13,2,82,0,0,0
Curaçao,14,0,11,2,85,6,1,0
CAR,14,2,10,4,3,0,0,0
Grenada,14,0,6,8,124,0,0,0
St. Vincent Grenadines,12,0,2,10,108,0,0,0
Turks and Caicos,11,0,0,10,284,26,1,0
Falkland Islands,11,0,3,8,3161,0,0,0
Greenland,11,0,11,0,194,0,0,0
Montserrat,11,0,2,9,2204,0,0,0
Seychelles,11,0,5,6,112,0,0,0
Nicaragua,10,0,7,1,2,0.3,2,0
Gambia,10,0,2,7,4,0.4,1,0
Suriname,10,0,6,3,17,2,1,0
MS Zaandam,9,0,0,7,0,0,2,0
Vatican City,9,0,2,7,11236,0,0,0
Mauritania,7,0,6,0,2,0.2,1,0
Papua New Guinea,7,0,0,7,0.8,0,0,0
Bhutan,6,1,2,4,8,0,0,0
St. Barth,6,0,6,0,607,0,0,0
Western Sahara,6,0,0,6,10,0,0,0
British Virgin Islands,5,0,3,1,165,33,1,0
Burundi,5,0,4,0,0.4,0.08,1,0
Caribbean Netherlands,5,0,0,5,191,0,0,0
Sao Tome and Principe,4,0,0,4,18,0,0,0
South Sudan,4,0,0,4,0.4,0,0,0
Anguilla,3,0,1,2,200,0,0,0
Saint Pierre Miquelon,1,0,0,1,173,0,0,0
Yemen,1,0,0,1,0.03,0,0,0
China,82788,30,77151,1005,58,3,4632,0
USA,848717,29973,84050,717008,2564,144,47659,2341
Spain,208389,4211,85915,100757,4457,464,21717,435
Italy,187327,3370,54543,107699,3098,415,25085,437
France,159877,1827,40657,97880,2449,327,21340,544
Germany,150648,2195,99400,45933,1798,63,5315,229
UK,133495,4451,0,115051,1966,267,18100,763
Turkey,98674,3083,16477,79821,1170,28,2376,117
Iran,85996,1194,63113,17492,1024,64,5391,94
Russia,57999,5236,4420,53066,397,4,513,57
Brazil,45757,2678,25318,17533,215,14,2906,165
Belgium,41889,933,9433,26194,3614,540,6262,264
Canada,40190,1768,13986,24230,1065,52,1974,140
Netherlands,34842,708,0,30538,2033,237,4054,138
Switzerland,28268,205,19900,6859,3266,174,1509,31
Portugal,21982,603,1143,20054,2156,77,785,23
India,21370,1290,4370,16319,15,0.5,681,36
Peru,19250,1413,7027,11693,584,16,530,46
Ireland,16671,631,9233,6669,3376,156,769,39
Sweden,16004,682,550,13517,1585,192,1937,172
Austria,14925,52,11328,3087,1657,57,510,19
Israel,14498,556,5215,9094,1675,22,189,5
Saudi Arabia,12772,1141,1812,10846,367,3,114,5
Japan,11950,438,1424,10227,94,2,299,18
Chile,11296,464,5386,5750,591,8,160,13
Ecuador,10850,452,1262,9051,615,30,537,17
S. Korea,10694,11,8277,2179,209,5,238,1
Poland,10169,313,1513,8230,269,11,426,25
Singapore,10141,1016,896,9233,1733,2,12,1
Pakistan,10076,511,2156,7708,46,1,212,11
Romania,9710,468,2406,6780,505,27,524,26
Mexico,9501,729,2627,6017,74,7,857,145
UAE,8238,483,1546,6640,833,5,52,6
Denmark,7912,217,5087,2441,1366,66,384,14
Indonesia,7418,283,913,5870,27,2,635,19
Norway,7338,97,32,7119,1354,34,187,5
Belarus,7281,558,769,6454,771,6,58,3
Qatar,7141,608,689,6442,2479,3,10,1
Czechia,7132,99,1989,4935,666,19,208,7
Serbia,7114,224,1025,5955,814,15,134,4
Philippines,6710,111,693,5571,61,4,446,9
Australia,6649,4,4920,1655,261,3,74,3
Ukraine,6592,467,424,5994,151,4,174,13
Malaysia,5532,50,3452,1987,171,3,93,1
Dominican Republic,5300,256,581,4459,489,24,260,15
Panama,4821,163,231,4449,1117,33,141,5
Colombia,4356,207,870,3280,86,4,206,10
Finland,4129,115,2000,1980,745,27,149,8
Bangladesh,3772,390,92,3560,23,0.7,120,10
Egypt,3659,169,935,2448,36,3,276,12
Luxembourg,3654,36,711,2863,5837,128,80,2
South Africa,3635,170,1055,2515,61,1,65,7
Morocco,3446,237,417,2880,93,4,149,4
Argentina,3288,144,872,2257,73,4,159,8
Algeria,2910,99,1204,1304,66,9,402,10
Thailand,2826,15,2352,425,40,0.7,49,1
Moldova,2778,164,560,2143,689,19,75,3
Greece,2408,7,577,1710,231,12,121,0
Kuwait,2248,168,443,1792,526,3,13,2
Hungary,2168,70,295,1648,224,23,225,12
Kazakhstan,2135,140,515,1601,114,1,19,0
Bahrain,2027,54,1026,994,1191,4,7,0
Croatia,1950,42,869,1033,475,12,48,0
Iceland,1785,7,1462,313,5231,29,10,0
Uzbekistan,1716,38,450,1259,51,0.2,7,1
Iraq,1631,29,1146,402,41,2,83,0
Oman,1614,106,238,1368,316,2,8,0
Estonia,1559,7,184,1331,1175,33,44,1
Azerbaijan,1518,38,907,591,150,2,20,0
Armenia,1473,72,633,816,497,8,24,0
New Zealand,1448,3,1036,398,300,3,14,1
Lithuania,1370,20,357,975,503,14,38,0
Bosnia and Herzegovina,1368,26,460,855,417,16,53,2
Slovenia,1353,9,205,1069,651,38,79,2
North Macedonia,1259,28,272,931,604,27,56,1
Slovakia,1244,45,284,946,228,3,14,0
Cuba,1189,52,341,808,105,4,40,2
Afghanistan,1176,84,166,970,30,1,40,4
Cameroon,1163,0,397,723,44,2,43,0
Ghana,1154,112,99,1046,37,0.3,9,0
Hong Kong,1034,4,678,352,138,0.5,4,0
Bulgaria,1024,49,174,801,147,7,49,4
Djibouti,974,29,183,789,986,2,2,0
Ivory Coast,952,36,310,628,36,0.5,14,1
Tunisia,909,8,190,681,77,3,38,0
Nigeria,873,91,197,648,4,0.1,28,3
Cyprus,790,6,98,679,654,11,13,1
Latvia,761,13,133,617,403,6,11,2
Guinea,761,73,164,591,58,0.5,6,0
Andorra,723,6,309,377,9357,479,37,0
Diamond Princess,712,0,645,54,0,0,13,0
Lebanon,682,5,113,547,100,3,22,1
Costa Rica,681,12,180,495,134,1,6,0
Niger,662,5,193,447,27,0.9,22,2
Albania,634,25,356,251,220,9,27,1
Kyrgyzstan,612,22,254,351,94,1,7,0
Burkina Faso,609,9,389,181,29,2,39,1
Bolivia,609,11,44,528,52,3,37,3
Uruguay,549,6,337,200,158,3,12,0
Honduras,510,16,30,434,51,5,46,0
Channel Islands,498,2,285,185,2864,161,28,4
San Marino,488,12,62,386,14382,1179,40,0
Palestine,474,8,71,399,93,0.8,4,0
Malta,444,1,165,276,1006,7,3,0
Senegal,442,30,253,183,26,0.4,6,1
Jordan,435,7,315,113,43,0.7,7,0
Taiwan,426,1,236,184,18,0.3,6,0
Georgia,416,8,107,304,104,1,5,1
Réunion,410,0,238,172,458,0,0,0
DRC,359,9,45,289,4,0.3,25,0
Sri Lanka,330,20,105,218,15,0.3,7,0
Mauritius,329,1,261,59,259,7,9,0
Mayotte,326,15,125,197,1195,15,4,0
Guatemala,316,22,24,284,18,0.4,8,1
Montenegro,315,2,116,194,502,8,5,0
Isle of Man,307,0,212,80,3610,176,15,6
Kenya,303,7,74,215,6,0.3,14,0
Venezuela,298,10,122,166,10,0.4,10,0
Mali,293,35,73,203,14,0.8,17,3
Somalia,286,0,4,274,18,0.5,8,0
Tanzania,284,30,11,263,5,0.2,10,0
Vietnam,268,0,223,45,3,0,0,0
Jamaica,252,24,27,219,85,2,6,0
El Salvador,237,12,63,167,37,1,7,0
Paraguay,213,5,62,142,30,1,9,1
Congo,186,21,16,164,34,1,6,0
Faeroe Islands,185,0,178,7,3786,0,0,0
Gabon,166,10,24,141,75,0.4,1,0
Martinique,164,1,73,77,437,37,14,0
Rwanda,153,3,84,69,12,0,0,0
Guadeloupe,148,0,76,60,370,30,12,0
Sudan,140,0,12,115,3,0.3,13,0
Brunei ,138,0,117,20,315,2,1,0
Gibraltar,132,0,127,5,3918,0,0,0
Myanmar,123,2,7,111,2,0.09,5,0
Cambodia,122,0,110,12,7,0,0,0
Madagascar,121,0,52,69,4,0,0,0
Ethiopia,116,2,21,92,1,0.03,3,0
Trinidad and Tobago,115,0,37,70,82,6,8,0
French Guiana,107,10,84,22,358,3,1,0
Liberia,101,0,20,73,20,2,8,0
Aruba,100,3,68,30,937,19,2,0
Bermuda,99,1,39,55,1590,80,5,0
Monaco,94,0,26,65,2395,76,3,0
Togo,88,2,56,26,11,0.7,6,0
Maldives,86,0,16,70,159,0,0,0
Equatorial Guinea,84,1,7,76,60,0.7,1,1
Liechtenstein,81,0,55,25,2124,26,1,0
Barbados,76,1,27,43,264,21,6,1
Zambia,74,4,35,36,4,0.2,3,0
Cabo Verde,73,5,1,71,131,2,1,0
Sint Maarten,71,3,22,38,1656,257,11,1
Guyana,67,1,9,51,85,9,7,0
Cayman Islands,66,0,7,58,1004,15,1,0
Bahamas,65,0,12,44,165,23,9,0
Uganda,63,2,45,18,1,0,0,0
Haiti,62,5,2,56,5,0.4,4,1
Sierra Leone,61,11,6,55,8,0,0,0
Libya,60,1,15,44,9,0.1,1,0
French Polynesia,57,0,35,22,203,0,0,0
Benin,54,0,27,26,4,0.08,1,0
Guinea-Bissau,50,0,3,47,25,0,0,0
Macao,45,0,26,19,69,0,0,0
Nepal,45,3,7,38,2,0,0,0
Syria,42,0,6,33,2,0.2,3,0
Mozambique,41,2,8,33,1,0,0,0
Eritrea,39,0,6,33,11,0,0,0
Saint Martin,38,0,19,17,983,52,2,0
Mongolia,35,1,8,27,11,0,0,0
Chad,33,0,8,25,2,0,0,0
Eswatini,31,0,8,22,27,0.9,1,0
Zimbabwe,28,0,2,22,2,0.3,4,1
Angola,25,1,6,17,0.8,0.06,2,0
Antigua and Barbuda,24,1,10,11,245,31,3,0
Malawi,23,5,3,17,1,0.2,3,1
Timor-Leste,23,0,1,22,17,0,0,0
Botswana,22,2,0,21,9,0.4,1,0
Laos,19,0,4,15,3,0,0,0
Belize,18,0,2,14,45,5,2,0
Fiji,18,0,8,10,20,0,0,0
New Caledonia,18,0,17,1,63,0,0,0
Dominica,16,0,9,7,222,0,0,0
Namibia,16,0,6,10,6,0,0,0
Grenada,15,1,6,9,133,0,0,0
Saint Kitts and Nevis,15,0,1,14,282,0,0,0
Saint Lucia,15,0,15,0,82,0,0,0
Curaçao,14,0,11,2,85,6,1,0
CAR,14,0,10,4,3,0,0,0
St. Vincent Grenadines,13,1,3,10,117,0,0,0
Burundi,11,6,4,6,0.9,0.08,1,0
Turks and Caicos,11,0,4,6,284,26,1,0
Falkland Islands,11,0,3,8,3161,0,0,0
Greenland,11,0,11,0,194,0,0,0
Montserrat,11,0,2,9,2204,0,0,0
Seychelles,11,0,5,6,112,0,0,0
Nicaragua,10,0,7,1,2,0.3,2,0
Gambia,10,0,2,7,4,0.4,1,0
Suriname,10,0,6,3,17,2,1,0
MS Zaandam,9,0,0,7,0,0,2,0
Vatican City,9,0,2,7,11236,0,0,0
Papua New Guinea,8,1,0,8,0.9,0,0,0
Mauritania,7,0,6,0,2,0.2,1,0
Bhutan,7,1,2,5,9,0,0,0
St. Barth,6,0,6,0,607,0,0,0
Western Sahara,6,0,0,6,10,0,0,0
British Virgin Islands,5,0,3,1,165,33,1,0
Caribbean Netherlands,5,0,0,5,191,0,0,0
Sao Tome and Principe,4,0,0,4,18,0,0,0
South Sudan,4,0,0,4,0.4,0,0,0
Anguilla,3,0,1,2,200,0,0,0
Saint Pierre Miquelon,1,0,0,1,173,0,0,0
Yemen,1,0,0,1,0.03,0,0,0
China,82804,6,77257,915,58,3,4632,0
USA,925232,38958,110432,762607,2795,158,52193,1959
Spain,219764,6740,92355,104885,4700,482,22524,367
Italy,192994,3021,60498,106527,3192,430,25969,420
France,159828,1645,43493,94090,2449,341,22245,389
Germany,154999,1870,106800,42439,1850,69,5760,185
UK,143464,5386,0,123614,2113,287,19506,768
Turkey,104912,3122,21737,80575,1244,31,2600,109
Iran,88194,1168,66599,16021,1050,66,5574,93
Russia,68622,5849,5568,62439,470,4,615,60
Brazil,52995,3503,27655,21670,249,17,3670,357
Belgium,44293,1496,10122,27492,3822,576,6679,189
Canada,43888,1778,15469,26117,1163,61,2302,155
Netherlands,36535,806,0,31996,2132,250,4289,112
Switzerland,28677,181,21000,6088,3313,184,1589,40
India,24447,1408,5496,18171,18,0.6,780,59
Portugal,22797,444,1228,20715,2236,84,854,34
Ecuador,22719,11536,1366,20777,1288,33,576,16
Peru,21648,734,7496,13518,657,19,634,62
Ireland,18184,577,9233,7937,3683,205,1014,220
Sweden,17567,812,550,14865,1739,213,2152,131
Saudi Arabia,15102,1172,2049,12926,434,4,127,6
Austria,15071,69,11872,2669,1673,59,530,8
Israel,15058,255,6003,8861,1740,22,194,2
Japan,12712,344,1530,10837,101,3,345,17
Chile,12306,494,6327,5805,644,9,174,6
Singapore,12075,897,956,11107,2064,2,12,0
Pakistan,11940,883,2755,8932,54,1,253,18
Mexico,11633,1089,2627,7937,90,8,1069,99
Poland,10892,381,1944,8454,288,13,494,40
S. Korea,10708,6,8501,1967,209,5,240,0
Romania,10417,321,2817,7033,541,29,567,22
UAE,9281,525,1760,7457,938,6,64,8
Belarus,8773,751,1120,7590,928,7,63,3
Qatar,8525,761,809,7706,2959,3,10,0
Indonesia,8211,436,1002,6520,30,3,689,42
Denmark,8210,137,5526,2281,1417,70,403,9
Ukraine,7647,477,601,6853,175,4,193,6
Serbia,7483,207,1094,6245,856,16,144,5
Norway,7463,62,32,7232,1377,37,199,5
Czechia,7273,86,2371,4688,679,20,214,4
Philippines,7192,211,762,5953,66,4,477,15
Australia,6675,8,5136,1460,262,3,79,4
Dominican Republic,5749,206,763,4719,530,25,267,2
Malaysia,5691,88,3663,1932,176,3,96,1
Panama,5166,174,271,4749,1197,34,146,2
Colombia,4881,320,1003,3653,96,4,225,10
Bangladesh,4689,503,112,4446,28,0.8,131,4
Finland,4395,111,2500,1718,793,32,177,5
South Africa,4220,267,1473,2668,71,1,79,4
Egypt,4092,201,1075,2723,40,3,294,7
Morocco,3758,190,486,3114,102,4,158,3
Luxembourg,3695,30,3007,603,5903,136,85,2
Argentina,3607,172,976,2455,80,4,176,11
Algeria,3127,120,1408,1304,71,9,415,8
Moldova,3110,184,755,2271,771,21,84,4
Thailand,2854,15,2490,314,41,0.7,50,0
Kuwait,2614,215,613,1986,612,4,15,1
Bahrain,2518,301,1113,1397,1480,5,8,0
Greece,2490,27,577,1783,239,12,130,5
Kazakhstan,2416,127,604,1787,129,1,25,5
Hungary,2383,99,401,1732,247,26,250,11
Croatia,2009,28,982,976,489,12,51,1
Uzbekistan,1804,46,621,1175,54,0.2,8,1
Oman,1790,74,325,1455,351,2,10,1
Iceland,1789,0,1542,237,5243,29,10,0
Iraq,1708,31,1204,418,42,2,86,3
Estonia,1605,13,206,1353,1210,35,46,1
Armenia,1596,73,728,841,539,9,27,3
Azerbaijan,1592,44,1013,558,157,2,21,1
New Zealand,1456,5,1095,344,302,4,17,1
Cameroon,1430,96,668,719,54,2,43,0
Bosnia and Herzegovina,1421,8,538,828,433,17,55,1
Lithuania,1410,12,430,940,518,15,40,0
Slovenia,1373,7,211,1082,660,38,80,1
Slovakia,1360,35,355,988,249,3,17,2
Afghanistan,1351,72,188,1120,35,1,43,1
North Macedonia,1326,26,337,932,636,27,57,1
Cuba,1285,50,416,820,113,4,49,6
Ghana,1279,125,134,1135,41,0.3,10,1
Bulgaria,1188,91,193,941,171,8,54,2
Nigeria,1095,114,208,855,5,0.2,32,1
Ivory Coast,1077,73,419,644,41,0.5,14,0
Hong Kong,1036,0,725,307,138,0.5,4,0
Djibouti,999,13,330,667,1011,2,2,0
Guinea,954,92,191,757,73,0.5,6,0
Tunisia,922,4,194,690,78,3,38,0
Cyprus,804,9,98,692,666,12,14,1
Latvia,784,6,267,505,416,6,12,1
Andorra,731,8,344,347,9461,518,40,3
Diamond Princess,712,0,645,54,0,0,13,0
Bolivia,703,31,44,616,60,4,43,3
Lebanon,696,8,140,534,102,3,22,0
Costa Rica,687,1,216,465,135,1,6,0
Niger,681,10,289,368,28,1,24,0
Albania,678,15,394,257,236,9,27,0
Kyrgyzstan,656,25,322,326,101,1,8,0
Burkina Faso,629,13,425,163,30,2,41,0
Uruguay,563,14,369,182,162,3,12,0
Honduras,562,43,50,465,57,5,47,0
Senegal,545,66,262,276,33,0.4,7,1
Channel Islands,523,2,295,194,3008,196,34,5
San Marino,513,12,64,409,15119,1179,40,0
Palestine,484,4,92,388,95,0.8,4,0
Malta,447,2,223,221,1012,7,3,0
Georgia,444,19,132,307,111,1,5,0
Jordan,441,4,326,108,43,0.7,7,0
Taiwan,428,1,264,158,18,0.3,6,0
Sri Lanka,417,49,109,301,19,0.3,7,0
Réunion,412,0,300,112,460,0,0,0
DRC,394,17,48,321,4,0.3,25,0
Guatemala,384,42,30,343,21,0.6,11,1
Mayotte,354,28,144,206,1298,15,4,0
Kenya,336,16,94,228,6,0.3,14,0
Mauritius,331,0,285,37,260,7,9,0
Somalia,328,0,8,304,21,1,16,0
Mali,325,16,87,217,16,1,21,0
Montenegro,319,3,123,190,508,10,6,1
Venezuela,318,20,132,176,11,0.4,10,0
Isle of Man,308,1,230,60,3622,212,18,2
Tanzania,299,15,48,241,5,0.2,10,0
Vietnam,270,2,220,50,3,0,0,0
El Salvador,261,11,72,181,40,1,8,0
Jamaica,257,5,28,222,87,2,7,1
Paraguay,220,7,70,141,31,1,9,0
Equatorial Guinea,214,5,7,206,153,0.7,1,0
Congo,200,14,19,175,36,1,6,0
Faeroe Islands,187,0,178,9,3827,0,0,0
Rwanda,176,22,87,89,14,0,0,0
Sudan,174,12,14,144,4,0.4,16,3
Gabon,172,5,26,143,77,1,3,1
Martinique,170,6,77,79,453,37,14,0
Guadeloupe,149,1,82,55,372,30,12,0
Myanmar,144,12,9,130,3,0.09,5,0
Brunei ,138,0,120,17,315,2,1,0
Gibraltar,133,0,131,2,3948,0,0,0
Maldives,129,21,16,113,239,0,0,0
Cambodia,122,0,117,5,7,0,0,0
Madagascar,122,1,61,61,4,0,0,0
Liberia,117,16,25,84,23,2,8,0
Ethiopia,117,1,25,89,1,0.03,3,0
Trinidad and Tobago,115,0,48,59,82,6,8,0
French Guiana,111,4,87,23,372,3,1,0
Aruba,100,0,69,29,937,19,2,0
Bermuda,99,0,39,55,1590,80,5,0
Monaco,94,0,41,49,2395,102,4,0
Togo,90,2,59,25,11,0.7,6,0
Cabo Verde,88,6,1,86,158,2,1,0
Zambia,84,8,37,44,5,0.2,3,0
Sierra Leone,82,18,10,70,10,0.3,2,1
Liechtenstein,81,0,55,25,2124,26,1,0
Barbados,77,1,31,40,268,21,6,0
Uganda,75,1,46,29,2,0,0,0
Sint Maarten,73,0,22,39,1703,280,12,0
Bahamas,73,1,15,47,186,28,11,0
Guyana,73,3,12,54,93,9,7,0
Haiti,72,0,2,65,6,0.4,5,0
Cayman Islands,70,4,8,61,1065,15,1,0
Mozambique,65,19,12,53,2,0,0,0
Libya,61,1,18,41,9,0.3,2,0
French Polynesia,57,0,41,16,203,0,0,0
Benin,54,0,27,26,4,0.08,1,0
Guinea-Bissau,52,2,3,49,26,0,0,0
Nepal,49,1,10,39,2,0,0,0
Macao,45,0,27,18,69,0,0,0
Syria,42,0,6,33,2,0.2,3,0
Chad,40,7,8,32,2,0,0,0
Eritrea,39,0,11,28,11,0,0,0
Saint Martin,38,0,24,11,983,78,3,1
Eswatini,36,5,10,25,31,0.9,1,0
Mongolia,36,1,9,27,11,0,0,0
Malawi,33,0,4,26,2,0.2,3,0
Zimbabwe,29,1,2,23,2,0.3,4,0
Angola,25,0,6,17,0.8,0.06,2,0
Antigua and Barbuda,24,0,11,10,245,31,3,0
Timor-Leste,24,1,2,22,18,0,0,0
Botswana,22,0,0,21,9,0.4,1,0
Laos,19,0,4,15,3,0,0,0
Belize,18,0,5,11,45,5,2,0
Fiji,18,0,10,8,20,0,0,0
New Caledonia,18,0,17,1,63,0,0,0
Curaçao,16,2,11,4,98,6,1,0
CAR,16,0,10,6,3,0,0,0
Dominica,16,0,10,6,222,0,0,0
Namibia,16,0,7,9,6,0,0,0
Grenada,15,0,7,8,133,0,0,0
Saint Kitts and Nevis,15,0,2,13,282,0,0,0
Saint Lucia,15,0,15,0,82,0,0,0
St. Vincent Grenadines,14,1,5,9,126,0,0,0
Falkland Islands,12,0,11,1,3448,0,0,0
Nicaragua,11,0,7,1,2,0.5,3,0
Burundi,11,0,4,6,0.9,0.08,1,0
Turks and Caicos,11,0,4,6,284,26,1,0
Greenland,11,0,11,0,194,0,0,0
Montserrat,11,0,2,9,2204,0,0,0
Seychelles,11,0,6,5,112,0,0,0
Gambia,10,0,8,1,4,0.4,1,0
Suriname,10,0,7,2,17,2,1,0
MS Zaandam,9,0,0,7,0,0,2,0
Vatican City,9,0,2,7,11236,0,0,0
Papua New Guinea,8,0,0,8,0.9,0,0,0
Mauritania,7,0,6,0,2,0.2,1,0
Bhutan,7,0,3,4,9,0,0,0
St. Barth,6,0,6,0,607,0,0,0
Western Sahara,6,0,5,1,10,0,0,0
British Virgin Islands,5,0,3,1,165,33,1,0
Caribbean Netherlands,5,0,0,5,191,0,0,0
South Sudan,5,1,0,5,0.4,0,0,0
Sao Tome and Principe,4,0,0,4,18,0,0,0
Anguilla,3,0,1,2,200,0,0,0
Saint Pierre Miquelon,1,0,0,1,173,0,0,0
Yemen,1,0,1,0,0.03,0,0,0
China,82804,6,77257,915,58,3,4632,0
USA,925232,38958,110432,762607,2795,158,52193,1959
Spain,219764,6740,92355,104885,4700,482,22524,367
Italy,192994,3021,60498,106527,3192,430,25969,420
France,159828,1645,43493,94090,2449,341,22245,389
Germany,154999,1870,106800,42439,1850,69,5760,185
UK,143464,5386,0,123614,2113,287,19506,768
Turkey,104912,3122,21737,80575,1244,31,2600,109
Iran,88194,1168,66599,16021,1050,66,5574,93
Russia,68622,5849,5568,62439,470,4,615,60
Brazil,52995,3503,27655,21670,249,17,3670,357
Belgium,44293,1496,10122,27492,3822,576,6679,189
Canada,43888,1778,15469,26117,1163,61,2302,155
Netherlands,36535,806,0,31996,2132,250,4289,112
Switzerland,28677,181,21000,6088,3313,184,1589,40
India,24447,1408,5496,18171,18,0.6,780,59
Portugal,22797,444,1228,20715,2236,84,854,34
Ecuador,22719,11536,1366,20777,1288,33,576,16
Peru,21648,734,7496,13518,657,19,634,62
Ireland,18184,577,9233,7937,3683,205,1014,220
Sweden,17567,812,550,14865,1739,213,2152,131
Saudi Arabia,15102,1172,2049,12926,434,4,127,6
Austria,15071,69,11872,2669,1673,59,530,8
Israel,15058,255,6003,8861,1740,22,194,2
Japan,12712,344,1530,10837,101,3,345,17
Chile,12306,494,6327,5805,644,9,174,6
Singapore,12075,897,956,11107,2064,2,12,0
Pakistan,11940,883,2755,8932,54,1,253,18
Mexico,11633,1089,2627,7937,90,8,1069,99
Poland,10892,381,1944,8454,288,13,494,40
S. Korea,10708,6,8501,1967,209,5,240,0
Romania,10417,321,2817,7033,541,29,567,22
UAE,9281,525,1760,7457,938,6,64,8
Belarus,8773,751,1120,7590,928,7,63,3
Qatar,8525,761,809,7706,2959,3,10,0
Indonesia,8211,436,1002,6520,30,3,689,42
Denmark,8210,137,5526,2281,1417,70,403,9
Ukraine,7647,477,601,6853,175,4,193,6
Serbia,7483,207,1094,6245,856,16,144,5
Norway,7463,62,32,7232,1377,37,199,5
Czechia,7273,86,2371,4688,679,20,214,4
Philippines,7192,211,762,5953,66,4,477,15
Australia,6675,8,5136,1460,262,3,79,4
Dominican Republic,5749,206,763,4719,530,25,267,2
Malaysia,5691,88,3663,1932,176,3,96,1
Panama,5166,174,271,4749,1197,34,146,2
Colombia,4881,320,1003,3653,96,4,225,10
Bangladesh,4689,503,112,4446,28,0.8,131,4
Finland,4395,111,2500,1718,793,32,177,5
South Africa,4220,267,1473,2668,71,1,79,4
Egypt,4092,201,1075,2723,40,3,294,7
Morocco,3758,190,486,3114,102,4,158,3
Luxembourg,3695,30,3007,603,5903,136,85,2
Argentina,3607,172,976,2455,80,4,176,11
Algeria,3127,120,1408,1304,71,9,415,8
Moldova,3110,184,755,2271,771,21,84,4
Thailand,2854,15,2490,314,41,0.7,50,0
Kuwait,2614,215,613,1986,612,4,15,1
Bahrain,2518,301,1113,1397,1480,5,8,0
Greece,2490,27,577,1783,239,12,130,5
Kazakhstan,2416,127,604,1787,129,1,25,5
Hungary,2383,99,401,1732,247,26,250,11
Croatia,2009,28,982,976,489,12,51,1
Uzbekistan,1804,46,621,1175,54,0.2,8,1
Oman,1790,74,325,1455,351,2,10,1
Iceland,1789,0,1542,237,5243,29,10,0
Iraq,1708,31,1204,418,42,2,86,3
Estonia,1605,13,206,1353,1210,35,46,1
Armenia,1596,73,728,841,539,9,27,3
Azerbaijan,1592,44,1013,558,157,2,21,1
New Zealand,1456,5,1095,344,302,4,17,1
Cameroon,1430,96,668,719,54,2,43,0
Bosnia and Herzegovina,1421,8,538,828,433,17,55,1
Lithuania,1410,12,430,940,518,15,40,0
Slovenia,1373,7,211,1082,660,38,80,1
Slovakia,1360,35,355,988,249,3,17,2
Afghanistan,1351,72,188,1120,35,1,43,1
North Macedonia,1326,26,337,932,636,27,57,1
Cuba,1285,50,416,820,113,4,49,6
Ghana,1279,125,134,1135,41,0.3,10,1
Bulgaria,1188,91,193,941,171,8,54,2
Nigeria,1095,114,208,855,5,0.2,32,1
Ivory Coast,1077,73,419,644,41,0.5,14,0
Hong Kong,1036,0,725,307,138,0.5,4,0
Djibouti,999,13,330,667,1011,2,2,0
Guinea,954,92,191,757,73,0.5,6,0
Tunisia,922,4,194,690,78,3,38,0
Cyprus,804,9,98,692,666,12,14,1
Latvia,784,6,267,505,416,6,12,1
Andorra,731,8,344,347,9461,518,40,3
Diamond Princess,712,0,645,54,0,0,13,0
Bolivia,703,31,44,616,60,4,43,3
Lebanon,696,8,140,534,102,3,22,0
Costa Rica,687,1,216,465,135,1,6,0
Niger,681,10,289,368,28,1,24,0
Albania,678,15,394,257,236,9,27,0
Kyrgyzstan,656,25,322,326,101,1,8,0
Burkina Faso,629,13,425,163,30,2,41,0
Uruguay,563,14,369,182,162,3,12,0
Honduras,562,43,50,465,57,5,47,0
Senegal,545,66,262,276,33,0.4,7,1
Channel Islands,523,2,295,194,3008,196,34,5
San Marino,513,12,64,409,15119,1179,40,0
Palestine,484,4,92,388,95,0.8,4,0
Malta,447,2,223,221,1012,7,3,0
Georgia,444,19,132,307,111,1,5,0
Jordan,441,4,326,108,43,0.7,7,0
Taiwan,428,1,264,158,18,0.3,6,0
Sri Lanka,417,49,109,301,19,0.3,7,0
Réunion,412,0,300,112,460,0,0,0
DRC,394,17,48,321,4,0.3,25,0
Guatemala,384,42,30,343,21,0.6,11,1
Mayotte,354,28,144,206,1298,15,4,0
Kenya,336,16,94,228,6,0.3,14,0
Mauritius,331,0,285,37,260,7,9,0
Somalia,328,0,8,304,21,1,16,0
Mali,325,16,87,217,16,1,21,0
Montenegro,319,3,123,190,508,10,6,1
Venezuela,318,20,132,176,11,0.4,10,0
Isle of Man,308,1,230,60,3622,212,18,2
Tanzania,299,15,48,241,5,0.2,10,0
Vietnam,270,2,220,50,3,0,0,0
El Salvador,261,11,72,181,40,1,8,0
Jamaica,257,5,28,222,87,2,7,1
Paraguay,220,7,70,141,31,1,9,0
Equatorial Guinea,214,5,7,206,153,0.7,1,0
Congo,200,14,19,175,36,1,6,0
Faeroe Islands,187,0,178,9,3827,0,0,0
Rwanda,176,22,87,89,14,0,0,0
Sudan,174,12,14,144,4,0.4,16,3
Gabon,172,5,26,143,77,1,3,1
Martinique,170,6,77,79,453,37,14,0
Guadeloupe,149,1,82,55,372,30,12,0
Myanmar,144,12,9,130,3,0.09,5,0
Brunei ,138,0,120,17,315,2,1,0
Gibraltar,133,0,131,2,3948,0,0,0
Maldives,129,21,16,113,239,0,0,0
Cambodia,122,0,117,5,7,0,0,0
Madagascar,122,1,61,61,4,0,0,0
Liberia,117,16,25,84,23,2,8,0
Ethiopia,117,1,25,89,1,0.03,3,0
Trinidad and Tobago,115,0,48,59,82,6,8,0
French Guiana,111,4,87,23,372,3,1,0
Aruba,100,0,69,29,937,19,2,0
Bermuda,99,0,39,55,1590,80,5,0
Monaco,94,0,41,49,2395,102,4,0
Togo,90,2,59,25,11,0.7,6,0
Cabo Verde,88,6,1,86,158,2,1,0
Zambia,84,8,37,44,5,0.2,3,0
Sierra Leone,82,18,10,70,10,0.3,2,1
Liechtenstein,81,0,55,25,2124,26,1,0
Barbados,77,1,31,40,268,21,6,0
Uganda,75,1,46,29,2,0,0,0
Sint Maarten,73,0,22,39,1703,280,12,0
Bahamas,73,1,15,47,186,28,11,0
Guyana,73,3,12,54,93,9,7,0
Haiti,72,0,2,65,6,0.4,5,0
Cayman Islands,70,4,8,61,1065,15,1,0
Mozambique,65,19,12,53,2,0,0,0
Libya,61,1,18,41,9,0.3,2,0
French Polynesia,57,0,41,16,203,0,0,0
Benin,54,0,27,26,4,0.08,1,0
Guinea-Bissau,52,2,3,49,26,0,0,0
Nepal,49,1,10,39,2,0,0,0
Macao,45,0,27,18,69,0,0,0
Syria,42,0,6,33,2,0.2,3,0
Chad,40,7,8,32,2,0,0,0
Eritrea,39,0,11,28,11,0,0,0
Saint Martin,38,0,24,11,983,78,3,1
Eswatini,36,5,10,25,31,0.9,1,0
Mongolia,36,1,9,27,11,0,0,0
Malawi,33,0,4,26,2,0.2,3,0
Zimbabwe,29,1,2,23,2,0.3,4,0
Angola,25,0,6,17,0.8,0.06,2,0
Antigua and Barbuda,24,0,11,10,245,31,3,0
Timor-Leste,24,1,2,22,18,0,0,0
Botswana,22,0,0,21,9,0.4,1,0
Laos,19,0,4,15,3,0,0,0
Belize,18,0,5,11,45,5,2,0
Fiji,18,0,10,8,20,0,0,0
New Caledonia,18,0,17,1,63,0,0,0
Curaçao,16,2,11,4,98,6,1,0
CAR,16,0,10,6,3,0,0,0
Dominica,16,0,10,6,222,0,0,0
Namibia,16,0,7,9,6,0,0,0
Grenada,15,0,7,8,133,0,0,0
Saint Kitts and Nevis,15,0,2,13,282,0,0,0
Saint Lucia,15,0,15,0,82,0,0,0
St. Vincent Grenadines,14,1,5,9,126,0,0,0
Falkland Islands,12,0,11,1,3448,0,0,0
Nicaragua,11,0,7,1,2,0.5,3,0
Burundi,11,0,4,6,0.9,0.08,1,0
Turks and Caicos,11,0,4,6,284,26,1,0
Greenland,11,0,11,0,194,0,0,0
Montserrat,11,0,2,9,2204,0,0,0
Seychelles,11,0,6,5,112,0,0,0
Gambia,10,0,8,1,4,0.4,1,0
Suriname,10,0,7,2,17,2,1,0
MS Zaandam,9,0,0,7,0,0,2,0
Vatican City,9,0,2,7,11236,0,0,0
Papua New Guinea,8,0,0,8,0.9,0,0,0
Mauritania,7,0,6,0,2,0.2,1,0
Bhutan,7,0,3,4,9,0,0,0
St. Barth,6,0,6,0,607,0,0,0
Western Sahara,6,0,5,1,10,0,0,0
British Virgin Islands,5,0,3,1,165,33,1,0
Caribbean Netherlands,5,0,0,5,191,0,0,0
South Sudan,5,1,0,5,0.4,0,0,0
Sao Tome and Principe,4,0,0,4,18,0,0,0
Anguilla,3,0,1,2,200,0,0,0
Saint Pierre Miquelon,1,0,0,1,173,0,0,0
Yemen,1,0,1,0,0.03,0,0,0
China,82830,3,77474,723,58,3,4633,1
USA,1010356,23196,138990,814569,3052,172,56797,1384
Spain,229422,2793,120832,85069,4907,503,23521,331
Italy,199414,1739,66624,105813,3298,446,26977,333
France,163273,1173,45513,94467,2501,357,23293,437
Germany,158758,988,114500,38132,1895,73,6126,150
UK,157149,4309,0,135713,2315,311,21092,360
Turkey,112261,2131,33791,75570,1331,34,2900,95
Iran,91472,991,70933,14733,1089,69,5806,96
Russia,87147,6198,7346,79007,597,5,794,47
Brazil,66501,3642,31142,30816,313,21,4543,272
Canada,48500,1605,18268,27525,1285,72,2707,147
Belgium,46687,553,10878,28602,4028,622,7207,113
Netherlands,38245,400,0,33477,2232,264,4518,43
India,29451,1561,7137,21375,21,0.7,939,58
Switzerland,29164,103,22200,5299,3370,192,1665,55
Peru,28699,1182,8425,19492,870,24,782,54
Portugal,24027,163,1357,21742,2356,91,928,25
Ecuador,23240,521,1557,21020,1317,38,663,87
Ireland,19648,386,9233,9313,3979,223,1102,15
Sweden,18926,286,1005,15647,1874,225,2274,80
Saudi Arabia,18811,1289,2531,16136,540,4,144,5
Israel,15555,112,7200,8151,1797,24,204,3
Austria,15274,49,12362,2363,1696,61,549,7
Mexico,14677,835,8354,4972,114,10,1351,46
Singapore,14423,799,1095,13314,2465,2,14,2
Pakistan,13915,587,3029,10594,63,1,292,11
Chile,13813,482,7327,6288,723,10,198,9
Japan,13614,165,1899,11330,108,3,385,13
Poland,11902,285,2466,8874,314,15,562,27
Romania,11339,303,3141,7557,589,33,641,22
Belarus,11289,826,1740,9474,1195,8,75,3
Qatar,11244,957,1066,10168,3903,3,10,0
UAE,10839,490,2090,8667,1096,8,82,6
S. Korea,10738,10,8764,1731,209,5,243,1
Indonesia,9096,214,1151,7180,33,3,765,22
Ukraine,9009,392,864,7925,206,5,220,11
Denmark,8698,123,5959,2312,1502,74,427,5
Serbia,8275,233,1209,6904,947,19,162,6
Philippines,7777,198,932,6334,71,5,511,10
Norway,7599,72,32,7362,1402,38,205,4
Czechia,7445,41,2826,4396,695,21,223,3
Australia,6720,4,5586,1051,264,3,83,0
Dominican Republic,6293,158,993,5018,580,26,282,4
Bangladesh,5913,497,131,5630,36,0.9,152,7
Malaysia,5820,40,3957,1764,180,3,99,1
Panama,5779,241,369,5245,1339,38,165,6
Colombia,5597,218,1210,4134,110,5,253,9
South Africa,4793,247,1473,3230,81,2,90,3
Egypt,4782,248,1236,3209,47,3,337,20
Finland,4695,119,2500,2002,847,35,193,3
Morocco,4120,55,695,3263,112,4,162,1
Argentina,4003,111,1140,2666,89,4,197,5
Luxembourg,3729,6,3123,518,5957,141,88,0
Algeria,3517,135,1558,1527,80,10,432,7
Moldova,3481,73,925,2454,863,25,102,6
Kuwait,3288,213,1012,2254,770,5,22,2
Thailand,2931,9,2609,270,42,0.7,52,1
Kazakhstan,2835,118,720,2090,151,1,25,0
Bahrain,2723,76,1218,1497,1600,5,8,0
Hungary,2583,83,498,1805,267,29,280,8
Greece,2534,17,577,1821,243,13,136,2
Oman,2049,51,364,1675,401,2,10,0
Croatia,2039,9,1166,814,497,14,59,4
Uzbekistan,1904,35,892,1004,57,0.2,8,0
Iraq,1847,27,1286,473,46,2,88,1
Armenia,1808,62,848,931,610,10,29,1
Iceland,1792,0,1624,158,5251,29,10,0
Cameroon,1705,84,805,842,64,2,58,2
Afghanistan,1703,172,220,1426,44,1,57,7
Azerbaijan,1678,33,1162,494,165,2,22,1
Estonia,1647,4,233,1364,1242,38,50,1
Bosnia and Herzegovina,1565,49,659,846,477,18,60,1
Ghana,1550,0,155,1384,50,0.4,11,0
New Zealand,1469,0,1180,270,305,4,19,1
Lithuania,1449,11,474,934,532,15,41,0
Slovenia,1402,6,221,1098,674,40,83,1
North Macedonia,1399,13,553,781,672,31,65,4
Cuba,1389,20,525,808,123,5,56,2
Slovakia,1381,2,403,960,253,3,18,0
Bulgaria,1363,63,206,1099,196,8,58,2
Nigeria,1337,64,255,1042,6,0.2,40,0
Ivory Coast,1164,14,499,651,44,0.5,14,0
Guinea,1163,167,246,910,89,0.5,7,0
Hong Kong,1038,0,787,247,138,0.5,4,0
Djibouti,1035,12,477,556,1048,2,2,0
Tunisia,967,18,279,649,82,3,39,1
Bolivia,950,84,80,820,81,4,50,4
Cyprus,822,5,148,659,681,12,15,1
Latvia,818,6,267,538,434,7,13,1
Andorra,743,5,385,318,9616,518,40,0
Albania,736,10,422,286,256,10,28,0
Senegal,736,65,284,443,44,0.5,9,0
Diamond Princess,712,0,645,54,0,0,13,0
Lebanon,710,3,145,541,104,4,24,0
Niger,701,5,385,287,29,1,29,0
Costa Rica,697,2,287,404,137,1,6,0
Kyrgyzstan,695,13,395,292,107,1,8,0
Honduras,661,34,79,521,67,6,61,2
Burkina Faso,635,3,469,124,30,2,42,0
Uruguay,606,10,375,216,174,4,15,1
Sri Lanka,588,65,126,455,27,0.3,7,0
San Marino,538,0,64,433,15856,1208,41,0
Channel Islands,525,0,352,138,3020,201,35,0
Guatemala,500,27,49,436,28,0.8,15,2
Georgia,497,11,156,335,125,2,6,0
Somalia,480,44,10,444,30,2,26,3
DRC,459,17,50,381,5,0.3,28,0
Malta,450,2,286,160,1019,9,4,0
Jordan,449,2,342,100,44,0.7,7,0
Taiwan,429,0,290,133,18,0.3,6,0
Réunion,418,1,300,118,467,0,0,0
Mali,408,19,113,272,20,1,23,0
Mayotte,401,0,144,253,1470,15,4,0
Kenya,363,8,114,235,7,0.3,14,0
Jamaica,350,45,28,315,118,2,7,0
Palestine,342,0,83,257,67,0.4,2,0
Mauritius,334,2,302,22,263,8,10,1
Venezuela,329,4,142,177,12,0.4,10,0
El Salvador,323,25,89,226,50,1,8,0
Montenegro,321,0,189,125,511,11,7,0
Isle of Man,308,0,248,40,3622,235,20,2
Tanzania,299,0,48,241,5,0.2,10,0
Sudan,275,38,21,232,6,0.5,22,1
Vietnam,270,0,225,45,3,0,0,0
Equatorial Guinea,258,0,9,248,184,0.7,1,0
Paraguay,228,0,93,126,32,1,9,0
Maldives,226,12,17,209,418,0,0,0
Gabon,211,35,43,165,95,1,3,0
Congo,207,7,19,180,38,1,8,0
Rwanda,207,16,93,114,16,0,0,0
Faeroe Islands,187,0,178,9,3827,0,0,0
Martinique,175,0,77,84,466,37,14,0
Guadeloupe,149,0,82,55,372,30,12,0
Myanmar,146,0,16,125,3,0.09,5,0
Gibraltar,141,0,131,10,4185,0,0,0
Brunei ,138,0,124,13,315,2,1,0
Madagascar,128,4,75,53,5,0,0,0
Liberia,124,0,25,87,25,2,12,0
Ethiopia,124,1,50,71,1,0.03,3,0
Cambodia,122,0,119,3,7,0,0,0
Trinidad and Tobago,116,1,59,49,83,6,8,0
French Guiana,111,0,87,23,372,3,1,0
Bermuda,110,1,44,60,1766,96,6,1
Cabo Verde,109,3,1,107,196,2,1,0
Aruba,100,0,73,25,937,19,2,0
Sierra Leone,99,6,10,85,12,0.5,4,0
Togo,98,0,62,30,12,0.7,6,0
Monaco,95,1,42,49,2421,102,4,0
Zambia,89,1,42,44,5,0.2,3,0
Liechtenstein,82,0,55,26,2151,26,1,0
Bahamas,80,0,22,47,203,28,11,0
Barbados,80,1,39,35,278,21,6,0
Uganda,79,0,47,32,2,0,0,0
Mozambique,76,0,12,64,2,0,0,0
Sint Maarten,74,0,33,28,1726,303,13,0
Guyana,74,0,15,51,94,10,8,0
Haiti,74,0,7,61,6,0.5,6,0
Guinea-Bissau,73,20,18,54,37,0.5,1,0
Cayman Islands,70,0,8,61,1065,15,1,0
Eswatini,65,6,10,54,56,0.9,1,0
Benin,64,0,33,30,5,0.08,1,0
Libya,61,0,18,41,9,0.3,2,0
French Polynesia,58,1,49,9,206,0,0,0
Nepal,52,0,16,36,2,0,0,0
CAR,50,9,10,40,10,0,0,0
Chad,46,0,15,31,3,0,0,0
Macao,45,0,32,13,69,0,0,0
Syria,43,0,19,21,2,0.2,3,0
Eritrea,39,0,13,26,11,0,0,0
Saint Martin,38,0,24,11,983,78,3,0
Mongolia,38,0,10,28,12,0,0,0
Malawi,36,2,4,29,2,0.2,3,0
Zimbabwe,31,0,5,22,2,0.3,4,0
Angola,27,1,6,19,0.8,0.06,2,0
Antigua and Barbuda,24,0,11,10,245,31,3,0
Timor-Leste,24,0,2,22,18,0,0,0
Botswana,22,0,0,21,9,0.4,1,0
Laos,19,0,7,12,3,0,0,0
Belize,18,0,6,10,45,5,2,0
Fiji,18,0,12,6,20,0,0,0
Grenada,18,0,7,11,160,0,0,0
New Caledonia,18,0,17,1,63,0,0,0
Curaçao,16,0,11,4,98,6,1,0
Dominica,16,0,13,3,222,0,0,0
Namibia,16,0,8,8,6,0,0,0
Saint Kitts and Nevis,15,0,2,13,282,0,0,0
Saint Lucia,15,0,15,0,82,0,0,0
St. Vincent Grenadines,15,1,5,10,135,0,0,0
Nicaragua,13,0,7,3,2,0.5,3,0
Falkland Islands,13,0,11,2,3736,0,0,0
Turks and Caicos,12,1,5,6,310,26,1,0
Burundi,11,0,4,6,0.9,0.08,1,0
Montserrat,11,0,2,8,2204,200,1,0
Greenland,11,0,11,0,194,0,0,0
Seychelles,11,0,6,5,112,0,0,0
Gambia,10,0,8,1,4,0.4,1,0
Suriname,10,0,7,2,17,2,1,0
MS Zaandam,9,0,0,7,0,0,2,0
Vatican City,9,0,2,7,11236,0,0,0
Papua New Guinea,8,0,0,8,0.9,0,0,0
Mauritania,7,0,6,0,2,0.2,1,0
Bhutan,7,0,4,3,9,0,0,0
British Virgin Islands,6,0,3,2,198,33,1,0
St. Barth,6,0,6,0,607,0,0,0
South Sudan,6,0,0,6,0.5,0,0,0
Western Sahara,6,0,5,1,10,0,0,0
Caribbean Netherlands,5,0,0,5,191,0,0,0
Sao Tome and Principe,4,0,0,4,18,0,0,0
Anguilla,3,0,3,0,200,0,0,0
Saint Pierre Miquelon,1,0,0,1,173,0,0,0
Yemen,1,0,1,0,0.03,0,0,0
China,82862,4,77610,619,58,3,4633,0
USA,1095023,30829,152324,878843,3308,193,63856,2201
Spain,239639,2740,137984,77112,5125,525,24543,268
Italy,205463,1872,75945,101551,3398,463,27967,285
UK,171253,6032,0,144138,2523,394,26771,674
France,167178,758,49476,93326,2561,373,24376,289
Germany,163009,1470,123500,32886,1946,79,6623,156
Turkey,120204,2615,48886,68144,1425,38,3174,93
Russia,106498,7099,11619,93806,730,7,1073,101
Iran,94640,983,75103,13509,1127,72,6028,71
Brazil,85380,6019,35935,43544,402,28,5901,390
Canada,53236,1639,21423,28629,1411,84,3184,188
Belgium,48519,660,11576,29349,4186,655,7594,93
Netherlands,39316,514,0,34271,2295,280,4795,84
Peru,36976,3045,10405,25520,1121,32,1051,108
India,34863,1801,9068,24641,25,0.8,1154,75
Switzerland,29586,179,23400,4449,3419,201,1737,21
Portugal,25045,540,1519,22537,2456,97,989,16
Ecuador,24934,259,1558,22476,1413,51,900,17
Saudi Arabia,22753,1351,3163,19428,654,5,162,5
Sweden,21092,790,1005,17501,2088,256,2586,124
Ireland,20612,359,13386,5994,4174,250,1232,42
Mexico,17799,1047,11423,4644,138,13,1732,163
Pakistan,16473,948,4105,12007,75,2,361,18
Singapore,16169,528,1244,14910,2764,3,15,1
Chile,16023,1138,8580,7216,838,12,227,11
Israel,15946,112,8561,7163,1842,26,222,7
Austria,15452,50,12907,1961,1716,65,584,4
Japan,14088,193,2460,11198,111,3,430,17
Belarus,14027,846,2386,11552,1484,9,89,5
Qatar,13409,845,1372,12027,4654,3,10,0
Poland,12877,237,3236,8997,340,17,644,20
UAE,12481,552,2429,9947,1262,11,105,7
Romania,12240,262,4017,7506,636,37,717,24
S. Korea,10765,4,9059,1459,210,5,247,1
Ukraine,10406,540,1238,8907,238,6,261,11
Indonesia,10118,347,1522,7804,37,3,792,8
Denmark,9158,150,6546,2160,1581,78,452,9
Serbia,9009,285,1343,7487,1031,20,179,6
Philippines,8488,276,1043,6877,77,5,568,10
Norway,7738,28,32,7496,1427,39,210,3
Czechia,7682,103,3314,4132,717,22,236,9
Bangladesh,7667,564,160,7339,47,1,168,5
Dominican Republic,6972,320,1301,5370,643,28,301,8
Australia,6754,8,5715,947,265,4,92,3
Colombia,6507,300,1439,4775,128,6,293,15
Panama,6378,178,527,5673,1478,41,178,2
Malaysia,6002,57,4171,1729,185,3,102,2
South Africa,5647,297,2073,3471,95,2,103,0
Egypt,5537,269,1381,3764,54,4,392,12
Finland,4995,89,3000,1784,902,38,211,5
Argentina,4428,143,1256,2954,98,5,218,4
Morocco,4423,102,984,3269,120,5,170,2
Kuwait,4024,284,1539,2459,942,6,26,2
Algeria,4006,158,1779,1777,91,10,450,6
Moldova,3897,126,1182,2599,966,29,116,5
Luxembourg,3784,15,3213,481,6045,144,90,1
Kazakhstan,3402,264,866,2511,181,1,25,0
Bahrain,3040,119,1500,1532,1787,5,8,0
Thailand,2954,7,2687,213,42,0.8,54,0
Hungary,2775,48,581,1882,287,32,312,12
Greece,2591,15,1374,1077,249,13,140,1
Oman,2348,74,495,1842,460,2,11,1
Afghanistan,2171,232,260,1847,56,2,64,4
Iraq,2085,82,1375,617,52,2,93,1
Croatia,2076,14,1348,659,506,17,69,2
Ghana,2074,403,212,1845,67,0.5,17,1
Armenia,2066,134,929,1105,697,11,32,2
Uzbekistan,2039,37,1133,897,61,0.3,9,0
Nigeria,1932,204,319,1555,9,0.3,58,7
Cameroon,1832,0,934,837,69,2,61,0
Azerbaijan,1804,38,1325,455,178,2,24,1
Iceland,1797,0,1670,117,5266,29,10,0
Bosnia and Herzegovina,1757,80,727,961,536,21,69,4
Estonia,1689,23,249,1388,1273,39,52,2
Bulgaria,1506,59,266,1174,217,9,66,2
Cuba,1501,34,681,759,133,5,61,3
Guinea,1495,144,329,1159,114,0.5,7,0
New Zealand,1476,2,1241,216,306,4,19,0
North Macedonia,1465,23,738,650,703,37,77,4
Slovenia,1429,11,233,1105,687,44,91,2
Slovakia,1396,5,524,849,256,4,23,1
Lithuania,1385,10,589,751,509,17,45,0
Ivory Coast,1275,37,574,687,48,0.5,14,0
Bolivia,1110,57,117,934,95,5,59,4
Djibouti,1089,12,642,445,1102,2,2,0
Hong Kong,1038,0,846,188,138,0.5,4,0
Tunisia,994,14,305,648,84,3,41,1
Senegal,933,51,334,590,56,0.5,9,0
Latvia,858,9,348,495,455,8,15,0
Cyprus,850,7,296,539,704,12,15,0
Albania,773,7,470,272,269,11,31,1
Honduras,771,33,79,621,78,7,71,5
Kyrgyzstan,746,17,462,276,114,1,8,0
Andorra,745,2,468,235,9642,544,42,0
Lebanon,725,4,150,551,106,4,24,0
Niger,719,6,452,235,30,1,32,0
Costa Rica,719,6,338,375,141,1,6,0
Diamond Princess,712,0,645,54,0,0,13,0
Sri Lanka,663,14,154,502,31,0.3,7,0
Burkina Faso,645,4,506,96,31,2,43,0
Uruguay,643,18,417,209,185,5,17,2
Somalia,601,19,31,542,38,2,28,0
Guatemala,585,28,65,504,33,0.9,16,0
DRC,572,81,65,476,6,0.3,31,1
San Marino,569,6,78,450,16769,1208,41,0
Georgia,539,22,184,349,135,2,6,0
Mayotte,539,79,235,300,1976,15,4,0
Channel Islands,537,0,386,111,3089,230,40,2
Mali,490,8,135,329,24,1,26,1
Tanzania,480,0,167,297,8,0.3,16,0
Maldives,468,190,17,450,866,2,1,0
Malta,465,2,351,110,1053,9,4,0
Jordan,453,2,362,83,44,0.8,8,0
Sudan,442,67,39,372,10,0.7,31,3
Taiwan,429,0,322,101,18,0.3,6,0
Réunion,420,0,300,120,469,0,0,0
Kenya,396,12,144,235,7,0.3,17,2
Jamaica,396,0,29,360,134,2,7,0
El Salvador,395,18,119,266,61,2,10,1
Palestine,344,0,76,266,67,0.4,2,0
Venezuela,333,2,142,175,12,0.6,16,6
Mauritius,332,0,310,12,261,8,10,0
Montenegro,322,0,214,101,513,11,7,0
Isle of Man,315,2,260,34,3704,247,21,0
Equatorial Guinea,315,0,9,305,225,0.7,1,0
Gabon,276,0,67,206,124,1,3,0
Vietnam,270,0,219,51,3,0,0,0
Paraguay,249,10,111,129,35,1,9,0
Rwanda,243,18,104,139,19,0,0,0
Congo,220,13,19,192,40,2,9,1
Guinea-Bissau,205,0,19,185,104,0.5,1,0
Faeroe Islands,187,0,184,3,3827,0,0,0
Martinique,178,3,83,81,474,37,14,0
Guadeloupe,151,2,95,44,377,30,12,0
Myanmar,150,0,27,117,3,0.1,6,0
Gibraltar,144,3,131,13,4274,0,0,0
Liberia,141,0,45,80,28,3,16,0
Brunei ,138,0,124,13,315,2,1,0
Ethiopia,131,1,59,69,1,0.03,3,0
Madagascar,128,0,92,36,5,0,0,0
French Guiana,126,1,94,31,422,3,1,0
Sierra Leone,124,20,21,96,16,0.9,7,3
Cambodia,122,0,119,3,7,0,0,0
Cabo Verde,121,8,4,116,218,2,1,0
Togo,116,7,65,42,14,1,9,2
Trinidad and Tobago,116,0,72,36,83,6,8,0
Bermuda,114,3,48,60,1831,96,6,0
Zambia,106,9,55,48,6,0.2,3,0
Aruba,100,0,79,19,937,19,2,0
Eswatini,100,9,12,87,86,0.9,1,0
Monaco,95,0,64,27,2421,102,4,0
Uganda,83,2,52,31,2,0,0,0
Guyana,82,8,22,51,104,11,9,1
Liechtenstein,82,0,55,26,2151,26,1,0
Bahamas,81,1,25,45,206,28,11,0
Haiti,81,5,8,65,7,0.7,8,2
Barbados,81,1,39,35,282,24,7,0
Mozambique,76,0,12,64,2,0,0,0
Sint Maarten,75,0,33,29,1749,303,13,0
Chad,73,21,33,35,4,0.3,5,3
Cayman Islands,73,0,10,62,1111,15,1,0
Benin,64,0,33,30,5,0.08,1,0
Libya,61,0,18,40,9,0.4,3,1
French Polynesia,58,0,50,8,206,0,0,0
Nepal,57,0,16,41,2,0,0,0
CAR,50,0,10,40,10,0,0,0
Macao,45,0,35,10,69,0,0,0
Syria,43,0,21,19,2,0.2,3,0
Zimbabwe,40,8,5,31,3,0.3,4,0
Eritrea,39,0,26,13,11,0,0,0
Saint Martin,38,0,24,11,983,78,3,0
Mongolia,38,0,10,28,12,0,0,0
Malawi,37,1,7,27,2,0.2,3,0
South Sudan,35,1,0,35,3,0,0,0
Angola,27,0,7,18,0.8,0.06,2,0
Antigua and Barbuda,24,0,11,10,245,31,3,0
Timor-Leste,24,0,16,8,18,0,0,0
Botswana,23,0,5,17,10,0.4,1,0
Grenada,20,0,13,7,178,0,0,0
Laos,19,0,8,11,3,0,0,0
Belize,18,0,9,7,45,5,2,0
Fiji,18,0,12,6,20,0,0,0
New Caledonia,18,0,17,1,63,0,0,0
Saint Lucia,17,0,15,2,93,0,0,0
Curaçao,16,0,13,2,98,6,1,0
Dominica,16,0,13,3,222,0,0,0
Namibia,16,0,8,8,6,0,0,0
St. Vincent Grenadines,16,0,8,8,144,0,0,0
Saint Kitts and Nevis,15,0,6,9,282,0,0,0
Tajikistan,15,15,0,15,2,0,0,0
Nicaragua,14,1,7,4,2,0.5,3,0
Sao Tome and Principe,14,6,4,10,64,0,0,0
Falkland Islands,13,0,11,2,3736,0,0,0
Turks and Caicos,12,0,5,6,310,26,1,0
Burundi,11,0,4,6,0.9,0.08,1,0
Gambia,11,1,8,2,5,0.4,1,0
Montserrat,11,0,2,8,2204,200,1,0
Greenland,11,0,11,0,194,0,0,0
Vatican City,11,1,2,9,13733,0,0,0
Seychelles,11,0,6,5,112,0,0,0
Suriname,10,0,8,1,17,2,1,0
MS Zaandam,9,0,0,7,0,0,2,0
Mauritania,8,0,6,1,2,0.2,1,0
Papua New Guinea,8,0,0,8,0.9,0,0,0
Bhutan,7,0,5,2,9,0,0,0
Yemen,6,0,1,3,0.2,0.07,2,2
British Virgin Islands,6,0,3,2,198,33,1,0
St. Barth,6,0,6,0,607,0,0,0
Western Sahara,6,0,5,1,10,0,0,0
Caribbean Netherlands,5,0,0,5,191,0,0,0
Anguilla,3,0,3,0,200,0,0,0
Comoros,1,1,0,1,1,0,0,0
Saint Pierre Miquelon,1,0,0,1,173,0,0,0
China,82875,1,77685,557,58,3,4633,0
USA,1160774,29744,173318,920012,3507,204,67444,1691
Spain,245589,2610,146255,74234,5253,537,25100,276
Italy,209328,1900,79914,100704,3462,475,28710,474
UK,182260,4806,0,153785,2685,414,28131,621
France,168396,1050,50562,93074,2580,379,24760,166
Germany,164967,890,129000,29155,1969,81,6812,76
Turkey,124375,1983,58259,62780,1475,40,3336,78
Russia,124054,9623,15013,107819,850,8,1222,53
Brazil,96559,4450,40937,48872,454,32,6750,340
Iran,96448,802,77350,12942,1148,73,6156,65
Canada,56714,1653,23801,29347,1503,94,3566,175
Belgium,49517,485,12211,29541,4273,670,7765,62
Peru,42534,2075,12434,28900,1290,36,1200,76
Netherlands,40236,445,0,34999,2348,291,4987,94
India,39699,2442,10819,27557,29,1,1323,100
Switzerland,29817,112,24200,3855,3445,204,1762,8
Ecuador,27464,1128,2132,23961,1557,78,1371,308
Saudi Arabia,25459,1362,3765,21518,731,5,176,7
Portugal,25190,203,1671,22496,2470,100,1023,16
Sweden,22082,562,1005,18408,2186,264,2669,16
Ireland,21176,343,13386,6504,4289,260,1286,21
Mexico,20739,1515,12377,6390,161,15,1972,113
Pakistan,19022,930,4753,13832,86,2,437,20
Chile,18435,1427,9572,8616,964,13,247,13
Singapore,17548,447,1347,16184,2999,3,17,1
Israel,16185,84,9593,6363,1870,26,229,4
Belarus,15828,911,3117,12614,1675,10,97,4
Austria,15558,27,13180,1782,1727,66,596,7
Qatar,14872,776,1534,13326,5162,4,12,0
Japan,14571,266,3205,10892,115,4,474,19
UAE,13599,561,2664,10816,1375,12,119,8
Poland,13375,270,3762,8949,353,18,664,13
Romania,12732,165,4547,7414,662,40,771,27
Ukraine,11411,550,1498,9634,261,6,279,7
Indonesia,10843,292,1665,8347,40,3,831,31
S. Korea,10780,6,9123,1407,210,5,250,2
Denmark,9407,96,6889,2043,1624,82,475,15
Serbia,9362,157,1426,7747,1071,22,189,4
Philippines,8928,156,1124,7201,81,6,603,24
Bangladesh,8790,552,177,8438,53,1,175,5
Norway,7809,26,32,7566,1440,39,211,1
Czechia,7755,18,3461,4049,724,23,245,5
Dominican Republic,7578,290,1481,5771,699,30,326,13
Colombia,7285,279,1666,5295,143,6,324,10
Australia,6781,14,5789,899,266,4,93,0
Panama,6720,188,622,5906,1557,44,192,4
South Africa,6336,385,2549,3664,107,2,123,7
Egypt,6193,298,1522,4256,61,4,415,9
Malaysia,6176,105,4326,1747,191,3,103,0
Finland,5176,125,3000,1956,934,40,220,2
Morocco,4729,160,1256,3300,128,5,173,2
Argentina,4681,149,1320,3124,104,5,237,12
Kuwait,4619,242,1703,2883,1082,8,33,3
Algeria,4295,141,1872,1964,98,10,459,6
Moldova,4052,72,1334,2594,1004,31,124,2
Kazakhstan,3857,260,985,2847,205,1,25,0
Luxembourg,3812,10,3318,402,6090,147,92,0
Bahrain,3284,114,1568,1708,1930,5,8,0
Thailand,2966,6,2732,180,42,0.8,54,0
Hungary,2942,79,625,1982,305,35,335,12
Greece,2620,8,1374,1103,251,14,143,3
Oman,2483,36,750,1721,486,2,12,1
Afghanistan,2469,134,331,2066,63,2,72,4
Nigeria,2388,218,351,1952,12,0.4,85,17
Armenia,2273,125,1010,1230,767,11,33,0
Iraq,2219,66,1473,651,55,2,95,1
Ghana,2169,95,229,1922,70,0.6,18,1
Uzbekistan,2118,32,1271,838,63,0.3,9,0
Croatia,2088,3,1463,548,509,19,77,2
Cameroon,2077,245,953,1060,78,2,64,3
Azerbaijan,1894,40,1411,458,187,2,25,0
Bosnia and Herzegovina,1839,58,779,988,561,22,72,2
Iceland,1798,0,1706,82,5269,29,10,0
Estonia,1699,5,256,1390,1281,40,53,1
Cuba,1611,74,765,780,142,6,66,2
Bulgaria,1594,39,287,1235,229,10,72,4
Guinea,1586,49,405,1174,121,0.5,7,0
North Macedonia,1506,12,852,572,723,39,82,1
New Zealand,1485,6,1263,202,308,4,20,1
Slovenia,1439,5,239,1106,692,45,94,2
Slovakia,1407,4,608,775,258,4,24,1
Lithuania,1406,7,632,728,516,17,46,1
Ivory Coast,1362,29,622,725,52,0.6,15,0
Bolivia,1229,62,134,1029,105,6,66,4
Senegal,1115,91,368,738,67,0.5,9,0
Djibouti,1112,15,686,424,1126,2,2,0
Hong Kong,1040,0,864,172,139,0.5,4,0
Tunisia,1009,11,323,644,85,4,42,1
Honduras,899,95,112,712,91,8,75,0
Latvia,871,1,348,507,462,8,16,0
Cyprus,864,7,296,553,716,12,15,0
Albania,789,7,519,239,274,11,31,0
Kyrgyzstan,769,13,527,234,118,1,8,0
Andorra,747,2,472,231,9668,569,44,1
Niger,736,8,507,194,30,1,35,2
Lebanon,733,4,197,511,107,4,25,1
Costa Rica,733,8,372,355,144,1,6,0
Diamond Princess,712,0,645,54,0,0,13,0
Sri Lanka,702,12,172,523,33,0.3,7,0
DRC,674,70,75,566,8,0.4,33,1
Somalia,671,70,34,606,42,2,31,3
Burkina Faso,652,3,535,73,31,2,44,0
Uruguay,652,4,440,195,188,5,17,0
Guatemala,644,45,72,556,36,0.9,16,0
Sudan,592,150,52,499,14,0.9,41,10
Georgia,582,16,207,367,146,2,8,1
San Marino,580,0,83,456,17094,1208,41,0
Mali,544,36,206,312,27,1,26,0
Channel Islands,543,5,406,96,3123,236,41,0
Mayotte,539,0,235,300,1976,15,4,0
Maldives,519,28,18,500,960,2,1,0
Tanzania,480,0,167,297,8,0.3,16,0
Malta,468,1,379,85,1060,9,4,0
Jordan,460,1,367,84,45,0.9,9,1
El Salvador,446,22,141,294,69,2,11,1
Kenya,435,24,152,261,8,0.4,22,1
Jamaica,432,10,31,393,146,3,8,0
Taiwan,432,3,324,102,18,0.3,6,0
Réunion,423,1,300,123,472,0,0,0
Palestine,353,0,76,275,69,0.4,2,0
Venezuela,345,10,148,187,12,0.4,10,0
Gabon,335,59,85,245,151,2,5,2
Paraguay,333,67,115,208,47,1,10,0
Mauritius,332,0,314,8,261,8,10,0
Montenegro,322,0,245,69,513,13,8,1
Isle of Man,320,4,271,27,3763,259,22,0
Equatorial Guinea,315,0,9,305,225,0.7,1,0
Vietnam,270,0,219,51,3,0,0,0
Guinea-Bissau,257,0,19,237,131,0.5,1,0
Rwanda,255,6,120,135,20,0,0,0
Congo,229,0,25,195,41,2,9,0
Faeroe Islands,187,0,184,3,3827,0,0,0
Martinique,179,0,83,82,477,37,14,0
Sierra Leone,155,19,21,126,19,1,8,1
Liberia,154,2,48,88,30,4,18,0
Guadeloupe,152,0,95,45,380,30,12,0
Cabo Verde,152,30,18,132,273,4,2,1
Myanmar,151,0,37,108,3,0.1,6,0
Gibraltar,144,0,132,12,4274,0,0,0
Brunei ,138,0,126,11,315,2,1,0
Madagascar,135,3,97,38,5,0,0,0
Ethiopia,133,0,69,61,1,0.03,3,0
French Guiana,128,0,98,29,429,3,1,0
Togo,123,0,66,48,15,1,9,0
Cambodia,122,0,120,2,7,0,0,0
Zambia,119,10,75,41,6,0.2,3,0
Chad,117,44,39,68,7,0.6,10,5
Trinidad and Tobago,116,0,88,20,83,6,8,0
Bermuda,114,0,51,56,1831,112,7,1
Eswatini,108,2,12,95,93,0.9,1,0
Aruba,100,0,81,17,937,19,2,0
Monaco,95,0,78,13,2421,102,4,0
Benin,90,0,42,46,7,0.2,2,0
Uganda,88,3,52,36,2,0,0,0
Haiti,85,0,10,67,7,0.7,8,0
Bahamas,83,2,24,48,211,28,11,0
Guyana,82,0,22,51,104,11,9,0
Liechtenstein,82,0,55,26,2151,26,1,0
Barbados,81,0,44,30,282,24,7,0
Mozambique,79,0,18,61,3,0,0,0
Sint Maarten,76,0,44,19,1773,303,13,0
Tajikistan,76,61,0,74,8,0.2,2,2
Cayman Islands,74,0,10,63,1126,15,1,0
CAR,72,0,10,62,15,0,0,0
Libya,63,0,22,38,9,0.4,3,0
Nepal,59,0,16,43,2,0,0,0
French Polynesia,58,0,51,7,206,0,0,0
Macao,45,0,37,8,69,0,0,0
South Sudan,45,0,0,45,4,0,0,0
Syria,44,0,27,14,3,0.2,3,0
Eritrea,39,0,26,13,11,0,0,0
Mongolia,39,1,10,29,12,0,0,0
Malawi,38,1,9,26,2,0.2,3,0
Saint Martin,38,0,27,8,983,78,3,0
Angola,35,5,11,22,1,0.06,2,0
Zimbabwe,34,0,5,25,2,0.3,4,0
Antigua and Barbuda,25,0,15,7,255,31,3,0
Timor-Leste,24,0,16,8,18,0,0,0
Botswana,23,0,8,14,10,0.4,1,0
Grenada,21,1,13,8,187,0,0,0
Laos,19,0,9,10,3,0,0,0
Belize,18,0,13,3,45,5,2,0
Fiji,18,0,14,4,20,0,0,0
New Caledonia,18,0,17,1,63,0,0,0
Gambia,17,5,9,7,7,0.4,1,0
Saint Lucia,17,0,15,2,93,0,0,0
Curaçao,16,0,13,2,98,6,1,0
Sao Tome and Principe,16,0,4,11,73,5,1,0
Dominica,16,0,13,3,222,0,0,0
Namibia,16,0,8,8,6,0,0,0
St. Vincent Grenadines,16,0,8,8,144,0,0,0
Burundi,15,4,7,7,1,0.08,1,0
Saint Kitts and Nevis,15,0,8,7,282,0,0,0
Nicaragua,14,0,7,4,2,0.5,3,0
Falkland Islands,13,0,13,0,3736,0,0,0
Turks and Caicos,12,0,5,6,310,26,1,0
Montserrat,11,0,2,8,2204,200,1,0
Greenland,11,0,11,0,194,0,0,0
Vatican City,11,0,2,9,13733,0,0,0
Seychelles,11,0,6,5,112,0,0,0
Yemen,10,3,1,7,0.3,0.07,2,0
Suriname,10,0,8,1,17,2,1,0
MS Zaandam,9,0,0,7,0,0,2,0
Mauritania,8,0,6,1,2,0.2,1,0
Papua New Guinea,8,0,0,8,0.9,0,0,0
Bhutan,7,0,5,2,9,0,0,0
British Virgin Islands,6,0,3,2,198,33,1,0
Caribbean Netherlands,6,0,0,6,229,0,0,0
St. Barth,6,0,6,0,607,0,0,0
Western Sahara,6,0,5,1,10,0,0,0
Anguilla,3,0,3,0,200,0,0,0
Comoros,3,2,0,3,3,0,0,0
Saint Pierre Miquelon,1,0,0,1,173,0,0,0
China,82877,2,77713,531,58,3,4633,0
USA,1188122,27348,178263,941261,3589,207,68598,1154
Spain,247122,1533,148558,73300,5285,540,25264,164
Italy,210717,1389,81654,100179,3485,478,28884,174
UK,186599,4339,0,157809,2749,419,28446,315
France,168693,297,50784,93014,2584,381,24895,135
Germany,165664,697,130600,28198,1977,82,6866,54
Russia,134687,10633,16639,116768,923,9,1280,58
Turkey,126045,1670,63151,59497,1495,40,3397,61
Brazil,101147,4588,42991,51131,476,33,7025,275
Iran,97424,976,78422,12799,1160,74,6203,47
Canada,59474,2760,24908,30884,1576,98,3682,116
Belgium,49906,389,12309,29753,4306,677,7844,79
Peru,45928,3394,13550,31092,1393,39,1286,86
India,42505,2806,11775,29339,31,1,1391,68
Netherlands,40571,335,0,35265,2368,295,5056,69
Switzerland,29905,88,24500,3643,3455,204,1762,0
Ecuador,29538,2074,3300,24674,1674,89,1564,193
Saudi Arabia,27011,1552,4134,22693,776,5,184,8
Portugal,25282,92,1689,22550,2479,102,1043,20
Sweden,22317,235,1005,18633,2210,265,2679,10
Mexico,22088,1349,13447,6580,171,16,2061,89
Ireland,21506,330,13386,6817,4355,264,1303,17
Pakistan,20084,1062,5114,14513,91,2,457,20
Chile,19663,1228,10041,9362,1029,14,260,13
Singapore,18205,657,1408,16779,3112,3,18,1
Belarus,16705,877,3196,13410,1768,10,99,2
Israel,16208,23,9749,6227,1873,27,232,3
Austria,15597,39,13228,1771,1732,66,598,2
Qatar,15551,679,1664,13875,5398,4,12,0
Japan,14877,306,3981,10409,118,4,487,13
UAE,14163,564,2763,11274,1432,13,126,7
Poland,13693,318,3945,9070,362,18,678,14
Romania,13163,431,4869,7504,684,41,790,19
Ukraine,11913,502,1548,10077,272,7,288,9
Indonesia,11192,349,1876,8471,41,3,845,14
S. Korea,10793,13,9183,1360,211,5,250,0
Denmark,9523,116,6987,2052,1644,84,484,9
Serbia,9464,102,1551,7720,1083,22,193,4
Bangladesh,9455,665,1063,8215,57,1,177,2
Philippines,9223,295,1214,7402,84,6,607,4
Dominican Republic,7954,376,1606,6015,733,31,333,7
Norway,7847,38,32,7604,1447,39,211,0
Czechia,7781,26,3587,3946,727,23,248,3
Colombia,7668,383,1722,5606,151,7,340,16
Panama,7090,370,641,6252,1643,46,197,5
Australia,6801,20,5817,889,267,4,95,2
South Africa,6783,447,2549,4103,114,2,131,8
Egypt,6465,272,1562,4474,63,4,429,14
Malaysia,6298,122,4413,1780,195,3,105,2
Finland,5254,78,3000,2024,948,42,230,10
Kuwait,4983,364,1776,3169,1167,9,38,5
Morocco,4903,174,1438,3291,133,5,174,1
Argentina,4783,102,1354,3183,106,5,246,9
Algeria,4474,179,1936,2075,102,11,463,4
Moldova,4121,69,1382,2614,1022,31,125,1
Kazakhstan,3920,63,1084,2809,209,1,27,2
Luxembourg,3824,12,3379,349,6109,153,96,4
Bahrain,3383,99,1718,1657,1988,5,8,0
Hungary,2998,56,629,2029,310,35,340,5
Thailand,2969,3,2739,176,43,0.8,54,0
Afghanistan,2704,235,345,2274,69,2,85,13
Greece,2626,6,1374,1108,252,14,144,1
Oman,2568,85,750,1806,503,2,12,0
Nigeria,2558,170,400,2071,12,0.4,87,2
Armenia,2386,113,1035,1316,805,12,35,2
Iraq,2296,77,1490,709,57,2,97,2
Ghana,2169,0,229,1922,70,0.6,18,0
Uzbekistan,2149,31,1319,820,64,0.3,10,1
Croatia,2096,8,1489,528,511,19,79,2
Cameroon,2077,0,953,1060,78,2,64,0
Azerbaijan,1932,38,1441,466,191,2,25,0
Bosnia and Herzegovina,1857,18,825,955,566,23,77,5
Iceland,1799,1,1717,72,5272,29,10,0
Estonia,1700,1,259,1386,1282,41,55,2
Cuba,1649,38,827,755,146,6,67,1
Bulgaria,1618,24,308,1237,233,11,73,1
Guinea,1586,0,405,1174,121,0.5,7,0
North Macedonia,1511,5,945,482,725,40,84,2
New Zealand,1487,2,1266,201,308,4,20,0
Bolivia,1470,241,159,1240,126,6,71,5
Slovenia,1439,0,241,1102,692,46,96,2
Lithuania,1410,4,635,729,518,17,46,0
Slovakia,1408,1,619,765,258,4,24,0
Ivory Coast,1398,36,653,728,53,0.6,17,2
Senegal,1182,67,372,801,71,0.5,9,0
Djibouti,1112,0,686,424,1126,2,2,0
Hong Kong,1040,0,879,157,139,0.5,4,0
Tunisia,1013,4,328,643,86,4,42,0
Honduras,1010,111,116,818,102,8,76,1
Latvia,879,8,348,515,466,8,16,0
Cyprus,872,8,296,561,722,12,15,0
Albania,795,6,531,233,276,11,31,0
Kyrgyzstan,795,26,564,221,122,2,10,2
Niger,750,14,518,196,31,1,36,1
Andorra,748,1,493,210,9681,582,45,1
Costa Rica,739,6,386,347,145,1,6,0
Lebanon,737,4,200,512,108,4,25,0
Somalia,722,51,44,646,45,2,32,1
Sri Lanka,718,16,184,527,34,0.3,7,0
Diamond Princess,712,0,645,54,0,0,13,0
Guatemala,688,44,72,599,38,0.9,17,1
DRC,674,0,75,566,8,0.4,33,0
Burkina Faso,662,10,540,77,32,2,45,1
Uruguay,655,3,442,196,189,5,17,0
Mayotte,650,54,235,409,2383,22,6,0
Sudan,592,0,52,499,14,0.9,41,0
Georgia,589,7,221,359,148,2,9,1
San Marino,582,2,86,455,17152,1208,41,0
Mali,563,19,213,323,28,1,27,1
Channel Islands,544,0,406,97,3129,236,41,0
Maldives,527,8,18,508,975,2,1,0
El Salvador,490,44,154,325,76,2,11,0
Tanzania,480,0,167,297,8,0.3,16,0
Malta,477,9,392,81,1080,9,4,0
Kenya,465,30,167,274,9,0.4,24,2
Jamaica,463,31,33,422,156,3,8,0
Jordan,461,1,367,85,45,0.9,9,0
Taiwan,432,0,332,94,18,0.3,6,0
Réunion,423,0,300,123,472,0,0,0
Paraguay,370,37,119,241,52,1,10,0
Venezuela,357,12,148,199,13,0.4,10,0
Palestine,353,0,77,274,69,0.4,2,0
Gabon,335,0,85,245,151,2,5,0
Mauritius,332,0,315,7,261,8,10,0
Montenegro,322,0,249,65,513,13,8,0
Isle of Man,321,1,271,28,3775,259,22,0
Equatorial Guinea,315,0,9,305,225,0.7,1,0
Vietnam,271,1,219,52,3,0,0,0
Rwanda,259,4,124,135,20,0,0,0
Guinea-Bissau,257,0,19,237,131,0.5,1,0
Congo,229,0,25,195,41,2,9,0
Faeroe Islands,187,0,185,2,3827,0,0,0
Martinique,179,0,83,82,477,37,14,0
Sierra Leone,166,11,29,129,21,1,8,0
Cabo Verde,165,13,33,130,297,4,2,0
Liberia,158,4,58,82,31,4,18,0
Myanmar,155,4,43,106,3,0.1,6,0
Guadeloupe,152,0,95,45,380,30,12,0
Madagascar,149,14,98,51,5,0,0,0
Gibraltar,144,0,132,12,4274,0,0,0
Brunei ,138,0,128,9,315,2,1,0
Ethiopia,135,2,75,57,1,0.03,3,0
Tajikistan,128,52,0,126,13,0.2,2,0
French Guiana,128,0,98,29,429,3,1,0
Togo,124,1,67,48,15,1,9,0
Zambia,124,5,78,43,7,0.2,3,0
Cambodia,122,0,120,2,7,0,0,0
Chad,117,0,39,68,7,0.6,10,0
Trinidad and Tobago,116,0,88,20,83,6,8,0
Bermuda,115,1,51,57,1847,112,7,0
Eswatini,112,4,12,99,97,0.9,1,0
Aruba,100,0,81,17,937,19,2,0
Monaco,95,0,78,13,2421,102,4,0
Benin,90,0,42,46,7,0.2,2,0
Uganda,89,1,52,37,2,0,0,0
Haiti,85,0,10,67,7,0.7,8,0
Bahamas,83,0,24,48,211,28,11,0
Guyana,82,0,22,51,104,11,9,0
Liechtenstein,82,0,55,26,2151,26,1,0
Barbados,81,0,44,30,282,24,7,0
Mozambique,80,1,19,61,3,0,0,0
Sint Maarten,76,0,44,19,1773,303,13,0
Nepal,75,16,16,59,3,0,0,0
Cayman Islands,74,0,10,63,1126,15,1,0
CAR,72,0,10,62,15,0,0,0
Libya,63,0,22,38,9,0.4,3,0
French Polynesia,58,0,51,7,206,0,0,0
South Sudan,46,1,0,46,4,0,0,0
Macao,45,0,39,6,69,0,0,0
Syria,44,0,27,14,3,0.2,3,0
Malawi,39,1,9,27,2,0.2,3,0
Eritrea,39,0,26,13,11,0,0,0
Mongolia,39,0,10,29,12,0,0,0
Saint Martin,38,0,27,8,983,78,3,0
Angola,35,0,11,22,1,0.06,2,0
Zimbabwe,34,0,5,25,2,0.3,4,0
Antigua and Barbuda,25,0,15,7,255,31,3,0
Timor-Leste,24,0,16,8,18,0,0,0
Botswana,23,0,8,14,10,0.4,1,0
Grenada,21,0,13,8,187,0,0,0
Laos,19,0,9,10,3,0,0,0
Belize,18,0,13,3,45,5,2,0
Fiji,18,0,14,4,20,0,0,0
New Caledonia,18,0,17,1,63,0,0,0
Saint Lucia,18,1,15,3,98,0,0,0
Gambia,17,0,9,7,7,0.4,1,0
Curaçao,16,0,13,2,98,6,1,0
Sao Tome and Principe,16,0,4,11,73,5,1,0
Dominica,16,0,13,3,222,0,0,0
Namibia,16,0,8,8,6,0,0,0
St. Vincent Grenadines,16,0,8,8,144,0,0,0
Burundi,15,0,7,7,1,0.08,1,0
Saint Kitts and Nevis,15,0,8,7,282,0,0,0
Nicaragua,14,0,7,4,2,0.5,3,0
Falkland Islands,13,0,13,0,3736,0,0,0
Turks and Caicos,12,0,5,6,310,26,1,0
Montserrat,11,0,7,3,2204,200,1,0
Greenland,11,0,11,0,194,0,0,0
Vatican City,11,0,2,9,13733,0,0,0
Seychelles,11,0,6,5,112,0,0,0
Yemen,10,0,1,7,0.3,0.07,2,0
Suriname,10,0,9,0,17,2,1,0
MS Zaandam,9,0,0,7,0,0,2,0
Mauritania,8,0,6,1,2,0.2,1,0
Papua New Guinea,8,0,0,8,0.9,0,0,0
Bhutan,7,0,5,2,9,0,0,0
British Virgin Islands,6,0,3,2,198,33,1,0
Caribbean Netherlands,6,0,0,6,229,0,0,0
St. Barth,6,0,6,0,607,0,0,0
Western Sahara,6,0,5,1,10,0,0,0
Anguilla,3,0,3,0,200,0,0,0
Comoros,3,0,0,3,3,0,0,0
Saint Pierre Miquelon,1,0,0,1,173,0,0,0
China,82881,1,77853,395,58,3,4633,0
USA,1237633,24798,200626,964736,3739,218,72271,2350
Spain,250561,2260,154718,70230,5359,548,25613,185
Italy,213013,1075,85231,98467,3523,485,29315,236
UK,194990,4406,0,165219,2872,433,29427,693
France,170551,1089,52736,92284,2613,391,25531,330
Germany,167007,855,135100,24914,1993,83,6993,0
Russia,155370,10102,19865,134054,1065,10,1451,95
Turkey,129491,1832,73285,52686,1535,42,3520,59
Brazil,114715,6449,48221,58573,540,37,7921,578
Iran,99970,1323,80475,13155,1190,75,6340,63
Canada,62046,1274,26993,31010,1644,107,4043,189
Peru,51189,3817,15413,34332,1553,44,1444,100
Belgium,50509,242,12441,30052,4358,692,8016,92
India,49400,2963,14142,33565,36,1,1693,127
Netherlands,41087,317,0,35669,2398,302,5168,86
Ecuador,31881,0,3433,26879,1807,89,1569,0
Saudi Arabia,30251,1595,5431,24620,869,6,200,9
Switzerland,30009,28,25400,2814,3467,207,1795,11
Portugal,25702,178,1743,22885,2521,105,1074,11
Mexico,24905,1434,15938,6696,193,18,2271,117
Sweden,23216,495,4074,16288,2299,283,2854,85
Pakistan,22049,1108,5801,15734,100,2,514,38
Chile,22016,1373,10710,11031,1152,14,275,5
Ireland,21983,211,13386,7258,4452,271,1339,20
Singapore,19410,632,1519,17873,3318,3,18,0
Belarus,18350,861,3771,14472,1942,11,107,4
Qatar,17142,951,1924,15206,5950,4,12,0
Israel,16289,43,10465,5586,1882,27,238,3
Austria,15650,29,13462,1582,1738,67,606,6
Japan,15253,175,4496,10201,121,4,556,20
UAE,15192,462,3153,11893,1536,15,146,9
Poland,14431,425,4280,9435,381,19,716,18
Romania,13837,325,5454,7542,719,44,841,23
Ukraine,12697,366,1875,10506,290,7,316,13
Indonesia,12071,484,2197,9002,44,3,872,8
Bangladesh,10929,786,1403,9343,66,1,183,1
S. Korea,10804,3,9283,1267,211,5,254,2
Denmark,9821,151,7296,2022,1696,87,503,10
Philippines,9684,199,1408,7639,88,6,637,14
Serbia,9677,120,1723,7754,1108,23,200,3
Colombia,8613,640,2013,6222,169,7,378,20
Dominican Republic,8480,245,1905,6221,782,33,354,8
Norway,7955,51,32,7708,1467,40,215,1
Czechia,7896,77,4006,3633,737,24,257,5
South Africa,7572,352,2746,4678,128,2,148,10
Panama,7387,190,726,6458,1712,47,203,3
Egypt,7201,388,1730,5019,70,4,452,16
Australia,6849,24,5889,864,269,4,96,1
Malaysia,6383,30,4567,1710,197,3,106,1
Kuwait,5804,526,2032,3732,1359,9,40,0
Finland,5412,85,3500,1666,977,44,246,6
Morocco,5219,166,1838,3200,141,5,181,2
Argentina,5020,133,1472,3284,111,6,264,4
Algeria,4838,190,2067,2301,110,11,470,5
Moldova,4363,115,1544,2683,1082,34,136,4
Kazakhstan,4205,156,1279,2897,224,2,29,0
Luxembourg,3840,12,3412,332,6134,153,96,0
Bahrain,3720,187,1762,1950,2186,5,8,0
Afghanistan,3224,330,421,2708,83,2,95,5
Hungary,3065,30,709,1993,317,38,363,12
Thailand,2988,1,2747,187,43,0.8,54,0
Nigeria,2950,148,481,2371,14,0.5,98,5
Oman,2735,98,858,1864,536,3,13,1
Ghana,2719,0,294,2407,88,0.6,18,0
Greece,2642,10,1374,1122,253,14,146,0
Armenia,2619,112,1111,1468,884,13,40,1
Iraq,2431,85,1571,758,60,3,102,4
Uzbekistan,2207,18,1501,696,66,0.3,10,0
Croatia,2112,11,1560,469,514,20,83,3
Cameroon,2104,0,953,1087,79,2,64,0
Azerbaijan,2060,76,1508,526,203,3,26,0
Bosnia and Herzegovina,1946,20,911,956,593,24,79,1
Guinea,1811,101,498,1303,138,0.8,10,1
Iceland,1799,0,1733,56,5272,29,10,0
Estonia,1711,8,261,1395,1290,41,55,0
Bulgaria,1704,52,342,1282,245,12,80,2
Cuba,1685,17,954,662,149,6,69,0
Bolivia,1681,87,174,1425,144,7,82,6
North Macedonia,1526,8,1013,427,732,41,86,1
New Zealand,1486,0,1302,164,308,4,20,0
Ivory Coast,1464,32,701,745,56,0.7,18,1
Slovenia,1445,6,244,1103,695,47,98,1
Lithuania,1423,4,678,699,523,17,46,0
Slovakia,1421,8,741,655,260,5,25,0
Senegal,1329,58,470,848,79,0.7,11,1
Honduras,1178,123,122,973,119,8,83,1
Djibouti,1120,4,745,373,1134,2,2,0
Hong Kong,1041,0,920,117,139,0.5,4,0
Tunisia,1022,4,482,497,86,4,43,0
Latvia,896,0,348,531,475,9,17,1
Cyprus,878,4,296,567,727,12,15,0
Kyrgyzstan,843,13,600,232,129,2,11,1
Somalia,835,79,75,722,53,2,38,3
Albania,820,17,570,219,285,11,31,0
Sudan,778,100,70,663,18,1,45,4
Sri Lanka,771,20,213,549,36,0.4,9,1
Niger,763,8,543,182,32,2,38,1
Costa Rica,755,13,413,336,148,1,6,0
Andorra,751,1,514,191,9720,595,46,1
Lebanon,741,1,206,510,109,4,25,0
Mayotte,739,53,352,378,2709,33,9,3
Guatemala,730,27,79,632,41,1,19,2
Diamond Princess,712,0,645,54,0,0,13,0
DRC,705,23,90,581,8,0.4,34,0
Burkina Faso,688,16,548,92,33,2,48,2
Uruguay,670,13,468,185,193,5,17,0
Mali,612,32,228,352,30,2,32,3
Georgia,604,11,240,355,151,2,9,0
San Marino,589,7,92,456,17359,1208,41,0
El Salvador,587,32,201,373,90,2,13,0
Maldives,573,32,20,551,1060,4,2,1
Channel Islands,545,1,406,99,3135,230,40,0
Kenya,535,45,182,329,10,0.4,24,0
Malta,482,2,403,74,1092,11,5,1
Tanzania,480,0,167,297,8,0.3,16,0
Jamaica,471,2,49,413,159,3,9,0
Jordan,471,6,375,87,46,0.9,9,0
Taiwan,438,0,334,98,18,0.3,6,0
Paraguay,431,35,135,286,60,1,10,0
Réunion,424,0,300,124,474,0,0,0
Guinea-Bissau,413,0,19,393,210,0.5,1,0
Gabon,397,30,93,298,178,3,6,0
Palestine,371,9,127,242,73,0.4,2,0
Venezuela,361,4,158,193,13,0.4,10,0
Mauritius,332,0,319,3,261,8,10,0
Isle of Man,326,1,271,32,3834,270,23,0
Montenegro,324,1,253,63,516,13,8,0
Equatorial Guinea,315,0,13,299,225,2,3,0
Tajikistan,293,63,0,288,31,0.5,5,2
Vietnam,271,0,232,39,3,0,0,0
Rwanda,261,0,129,132,20,0,0,0
Congo,236,0,26,200,43,2,10,0
Sierra Leone,199,21,43,145,25,1,11,2
Faeroe Islands,187,0,185,2,3827,0,0,0
Cabo Verde,186,11,37,147,335,4,2,0
Martinique,181,0,83,84,482,37,14,0
Sao Tome and Principe,174,151,4,167,794,14,3,0
Liberia,170,4,58,92,34,4,20,2
Chad,170,53,43,110,10,1,17,7
Myanmar,161,0,49,106,3,0.1,6,0
Guadeloupe,152,0,98,42,380,30,12,0
Madagascar,151,2,101,50,5,0,0,0
Ethiopia,145,5,91,50,1,0.03,4,1
Gibraltar,144,0,133,11,4274,0,0,0
Zambia,138,1,92,43,8,0.2,3,0
Brunei ,138,0,131,6,315,2,1,0
French Guiana,133,0,100,32,445,3,1,0
Togo,128,2,74,45,15,1,9,0
Cambodia,122,0,120,2,7,0,0,0
Eswatini,119,3,12,106,103,0.9,1,0
Trinidad and Tobago,116,0,102,6,83,6,8,0
Bermuda,115,0,54,54,1847,112,7,0
Haiti,101,1,10,79,9,1,12,1
Aruba,101,1,82,17,946,19,2,0
Uganda,98,1,55,43,2,0,0,0
Benin,96,0,50,44,8,0.2,2,0
Monaco,95,0,81,10,2421,102,4,0
Guyana,92,0,27,56,117,11,9,0
Bahamas,89,6,26,52,226,28,11,0
CAR,85,0,10,75,18,0,0,0
Barbados,82,0,47,28,285,24,7,0
Liechtenstein,82,0,55,26,2151,26,1,0
Nepal,82,7,16,66,3,0,0,0
Mozambique,81,1,19,62,3,0,0,0
Sint Maarten,76,0,44,18,1773,327,14,1
Cayman Islands,75,0,14,60,1141,15,1,0
Libya,63,0,23,37,9,0.4,3,0
French Polynesia,60,2,54,6,214,0,0,0
South Sudan,52,6,0,52,5,0,0,0
Macao,45,0,39,6,69,0,0,0
Syria,44,0,27,14,3,0.2,3,0
Malawi,41,0,9,29,2,0.2,3,0
Mongolia,41,1,13,28,13,0,0,0
Eritrea,39,0,30,9,11,0,0,0
Saint Martin,38,0,29,6,983,78,3,0
Angola,36,1,11,23,1,0.06,2,0
Zimbabwe,34,0,5,25,2,0.3,4,0
Antigua and Barbuda,25,0,16,6,255,31,3,0
Timor-Leste,24,0,20,4,18,0,0,0
Botswana,23,0,8,14,10,0.4,1,0
Yemen,22,10,1,17,0.7,0.1,4,2
Grenada,21,0,13,8,187,0,0,0
Laos,19,0,9,10,3,0,0,0
Belize,18,0,16,0,45,5,2,0
Fiji,18,0,14,4,20,0,0,0
New Caledonia,18,0,17,1,63,0,0,0
Saint Lucia,18,0,15,3,98,0,0,0
Gambia,17,0,9,7,7,0.4,1,0
St. Vincent Grenadines,17,0,9,8,153,0,0,0
Nicaragua,16,1,7,4,2,0.8,5,0
Curaçao,16,0,13,2,98,6,1,0
Dominica,16,0,14,2,222,0,0,0
Namibia,16,0,8,8,6,0,0,0
Burundi,15,0,7,7,1,0.08,1,0
Saint Kitts and Nevis,15,0,12,3,282,0,0,0
Falkland Islands,13,0,13,0,3736,0,0,0
Turks and Caicos,12,0,6,5,310,26,1,0
Montserrat,11,0,7,3,2204,200,1,0
Greenland,11,0,11,0,194,0,0,0
Vatican City,11,0,2,9,13733,0,0,0
Seychelles,11,0,8,3,112,0,0,0
Suriname,10,0,9,0,17,2,1,0
MS Zaandam,9,0,0,7,0,0,2,0
Mauritania,8,0,6,1,2,0.2,1,0
Papua New Guinea,8,0,8,0,0.9,0,0,0
British Virgin Islands,7,1,3,3,232,33,1,0
Bhutan,7,0,5,2,9,0,0,0
Caribbean Netherlands,6,0,0,6,229,0,0,0
St. Barth,6,0,6,0,607,0,0,0
Western Sahara,6,0,5,1,10,0,0,0
Anguilla,3,0,3,0,200,0,0,0
Comoros,3,0,0,3,3,0,0,0
Saint Pierre Miquelon,1,0,0,1,173,0,0,0
China,82886,1,77993,260,58,3,4633,0
USA,1321785,29162,223603,1019567,3993,238,78615,1687
Spain,260117,3262,168408,65410,5563,562,26299,229
Italy,217185,1327,99023,87961,3592,500,30201,243
UK,211364,4649,0,179779,3114,460,31241,626
Russia,187859,10699,26608,159528,1287,12,1723,98
France,176079,1288,55782,94067,2698,402,26230,243
Germany,170588,1158,141700,21378,2036,90,7510,118
Brazil,145892,10199,59297,76603,686,47,9992,804
Turkey,135569,1848,86396,45484,1607,44,3689,48
Iran,104691,1556,83837,14313,1246,78,6541,55
Canada,66434,1512,30406,31459,1760,121,4569,161
Peru,61847,3321,19012,41121,1876,52,1714,87
India,59695,3344,17887,39823,43,1,1985,96
Belgium,52011,591,13201,30289,4488,735,8521,106
Netherlands,42093,319,0,36484,2457,313,5359,71
Saudi Arabia,35432,1701,9120,26083,1018,7,229,10
Switzerland,30207,81,26100,2284,3490,211,1823,13
Mexico,29616,1982,17781,8874,230,23,2961,257
Ecuador,28818,0,3433,23681,1633,97,1704,50
Portugal,27268,553,2422,23732,2674,109,1114,9
Pakistan,26435,1791,7530,18306,120,3,599,14
Chile,25972,1391,12160,13518,1359,15,294,9
Sweden,25265,642,4971,17119,2502,314,3175,135
Ireland,22541,156,17110,4002,4565,289,1429,26
Singapore,21707,768,2040,19647,3710,3,20,0
Belarus,21101,933,5484,15496,2233,13,121,5
Qatar,20201,1311,2370,17819,7012,4,12,0
UAE,16793,553,3837,12782,1698,18,174,9
Israel,16436,55,11229,4962,1899,28,245,5
Austria,15774,22,13836,1324,1751,68,614,5
Japan,15575,98,5146,9839,123,5,590,13
Poland,15366,319,5184,9406,406,21,776,21
Romania,14811,312,6423,7465,770,48,923,35
Ukraine,14195,504,2706,11128,325,8,361,21
Bangladesh,13134,709,2101,10827,80,1,206,7
Indonesia,13112,336,2494,9675,48,3,943,13
S. Korea,10822,12,9484,1082,211,5,256,0
Philippines,10463,120,1734,8033,95,6,696,11
Denmark,10218,135,7927,1769,1764,90,522,8
Colombia,10051,595,2424,7199,198,8,428,21
Serbia,9943,95,2453,7281,1138,24,209,3
Dominican Republic,9376,281,2286,6710,864,35,380,7
South Africa,8895,663,3153,5564,150,3,178,17
Egypt,8476,495,1945,6028,83,5,503,21
Czechia,8077,46,4413,3391,754,25,273,3
Norway,8070,36,32,7820,1489,40,218,1
Panama,7868,137,886,6757,1824,52,225,7
Kuwait,7208,641,2466,4695,1688,11,47,3
Australia,6914,18,6079,738,271,4,97,0
Malaysia,6535,68,4864,1564,202,3,107,0
Finland,5738,65,4000,1478,1036,47,260,5
Morocco,5711,163,2324,3201,155,5,186,3
Argentina,5611,240,1659,3659,124,6,293,11
Algeria,5369,187,2467,2414,122,11,488,5
Kazakhstan,4834,256,1631,3172,257,2,31,1
Moldova,4728,123,1826,2752,1172,37,150,5
Bahrain,4444,245,2028,2408,2612,5,8,0
Ghana,4012,921,323,3671,129,0.6,18,0
Nigeria,3912,386,679,3116,19,0.6,117,10
Luxembourg,3871,12,3526,245,6184,160,100,0
Afghanistan,3778,215,472,3197,97,3,109,3
Hungary,3178,28,865,1921,329,41,392,9
Oman,3112,154,1025,2071,609,3,16,1
Armenia,3029,145,1218,1768,1022,15,43,1
Thailand,3000,8,2784,161,43,0.8,55,0
Greece,2691,13,1374,1167,258,14,150,2
Iraq,2603,60,1661,838,65,3,104,2
Uzbekistan,2325,27,1775,540,69,0.3,10,0
Azerbaijan,2279,75,1576,675,225,3,28,0
Cameroon,2267,0,1002,1157,85,4,108,0
Croatia,2161,36,1689,386,526,21,86,0
Bolivia,2081,195,219,1760,178,9,102,11
Bosnia and Herzegovina,2070,43,960,1012,631,30,98,8
Guinea,2009,82,663,1335,153,0.8,11,0
Bulgaria,1872,43,401,1385,269,12,86,2
Iceland,1801,0,1765,26,5278,29,10,0
Cuba,1741,12,1078,589,154,7,74,1
Estonia,1725,5,704,965,1300,42,56,0
Honduras,1685,224,154,1426,170,11,105,6
Ivory Coast,1602,31,754,828,61,0.8,20,0
North Macedonia,1586,14,1099,397,761,43,90,1
Senegal,1551,59,611,927,93,0.8,13,0
New Zealand,1490,1,1347,122,309,4,21,0
Slovakia,1455,10,905,524,267,5,26,0
Slovenia,1450,1,252,1098,697,48,100,1
Lithuania,1436,3,765,622,527,18,49,0
Djibouti,1135,2,824,308,1149,3,3,0
Sudan,1111,181,102,950,25,1,59,7
Hong Kong,1045,0,960,81,139,0.5,4,0
Tunisia,1030,4,638,347,87,4,45,1
Somalia,928,0,106,778,58,3,44,0
Latvia,928,19,464,446,492,10,18,0
Kyrgyzstan,906,11,650,244,139,2,12,0
Cyprus,891,2,400,476,738,12,15,0
DRC,863,0,130,697,10,0.4,36,0
Mayotte,854,0,352,492,3130,37,10,0
Albania,850,8,620,199,295,11,31,0
Sri Lanka,835,12,240,586,39,0.4,9,0
Guatemala,832,34,90,719,46,1,23,2
Lebanon,796,12,223,547,117,4,26,1
Niger,795,14,600,151,33,2,44,2
Costa Rica,773,8,461,306,152,1,6,0
Andorra,752,0,537,168,9733,608,47,0
Burkina Faso,744,8,566,130,36,2,48,0
Maldives,744,96,20,721,1376,6,3,0
El Salvador,742,47,257,469,114,2,16,1
Diamond Princess,712,0,645,54,0,0,13,0
Uruguay,694,10,506,170,200,5,18,1
Mali,668,18,285,348,33,2,35,3
San Marino,623,1,114,468,18361,1208,41,0
Georgia,623,8,288,325,156,3,10,1
Kenya,621,14,202,390,12,0.5,29,0
Gabon,620,116,110,502,279,4,8,0
Guinea-Bissau,594,30,25,567,302,1,2,0
Paraguay,563,101,152,401,79,1,10,0
Channel Islands,545,0,447,57,3135,236,41,1
Tajikistan,522,61,0,510,55,1,12,0
Tanzania,509,29,183,305,9,0.4,21,5
Jordan,508,14,385,114,50,0.9,9,0
Malta,489,3,419,65,1107,11,5,0
Jamaica,488,10,58,421,165,3,9,0
Taiwan,440,0,355,79,18,0.3,6,0
Equatorial Guinea,439,0,13,422,313,3,4,0
Réunion,426,0,354,72,476,0,0,0
Venezuela,388,7,190,188,14,0.4,10,0
Palestine,375,0,228,145,74,0.4,2,0
Mauritius,332,0,320,2,261,8,10,0
Isle of Man,329,0,271,35,3869,270,23,0
Montenegro,324,0,267,49,516,13,8,0
Vietnam,288,0,241,47,3,0,0,0
Congo,274,10,33,231,50,2,10,0
Rwanda,273,2,136,137,21,0,0,0
Chad,260,7,50,182,16,2,28,1
Sierra Leone,257,26,54,186,32,2,17,1
Benin,242,102,62,178,20,0.2,2,0
Cabo Verde,230,12,44,184,414,4,2,0
Sao Tome and Principe,208,21,4,199,949,23,5,1
Liberia,199,10,79,100,39,4,20,0
Ethiopia,194,3,95,95,2,0.03,4,0
Madagascar,193,0,101,92,7,0,0,0
Faeroe Islands,187,0,187,0,3827,0,0,0
Martinique,186,3,83,89,496,37,14,0
Myanmar,177,1,67,104,3,0.1,6,0
Zambia,167,14,111,52,9,0.2,4,0
Eswatini,159,6,12,145,137,2,2,0
Guadeloupe,154,1,104,37,385,32,13,0
Haiti,146,17,17,117,13,1,12,0
Gibraltar,146,2,142,4,4334,0,0,0
Togo,145,10,85,50,18,1,10,1
CAR,143,49,10,133,30,0,0,0
Brunei ,141,0,132,8,322,2,1,0
French Guiana,141,3,113,27,472,3,1,0
Cambodia,122,0,120,2,7,0,0,0
South Sudan,120,46,2,118,11,0,0,0
Bermuda,118,0,61,50,1895,112,7,0
Trinidad and Tobago,116,0,103,5,83,6,8,0
Nepal,102,1,31,71,4,0,0,0
Aruba,101,0,89,9,946,28,3,0
Uganda,101,0,55,46,2,0,0,0
Monaco,95,0,82,9,2421,102,4,0
Guyana,94,1,34,50,120,13,10,0
Bahamas,92,0,31,50,234,28,11,0
Barbados,83,1,53,23,289,24,7,0
Liechtenstein,82,0,55,26,2151,26,1,0
Mozambique,82,1,27,55,3,0,0,0
Cayman Islands,81,1,41,39,1232,15,1,0
Sint Maarten,76,0,44,18,1773,327,14,0
Libya,64,0,24,37,9,0.4,3,0
French Polynesia,60,0,56,4,214,0,0,0
Syria,47,2,29,15,3,0.2,3,0
Macao,45,0,40,5,69,0,0,0
Malawi,43,0,14,26,2,0.2,3,0
Angola,43,7,11,30,1,0.06,2,0
Mongolia,42,1,13,29,13,0,0,0
Eritrea,39,0,37,2,11,0,0,0
Saint Martin,38,0,30,5,983,78,3,0
Yemen,34,9,1,26,1,0.2,7,2
Zimbabwe,34,0,9,21,2,0.3,4,0
Antigua and Barbuda,25,0,16,6,255,31,3,0
Timor-Leste,24,0,21,3,18,0,0,0
Botswana,23,0,9,13,10,0.4,1,0
Grenada,21,0,13,8,187,0,0,0
Gambia,20,2,9,10,8,0.4,1,0
Laos,19,0,9,10,3,0,0,0
Belize,18,0,16,0,45,5,2,0
Fiji,18,0,14,4,20,0,0,0
New Caledonia,18,0,18,0,63,0,0,0
Saint Lucia,18,0,17,1,98,0,0,0
St. Vincent Grenadines,17,0,9,8,153,0,0,0
Nicaragua,16,0,7,4,2,0.8,5,0
Curaçao,16,0,14,1,98,6,1,0
Dominica,16,0,14,2,222,0,0,0
Namibia,16,0,9,7,6,0,0,0
Burundi,15,0,7,7,1,0.08,1,0
Saint Kitts and Nevis,15,0,13,2,282,0,0,0
Falkland Islands,13,0,13,0,3736,0,0,0
Turks and Caicos,12,0,8,3,310,26,1,0
Vatican City,12,0,2,10,14981,0,0,0
Montserrat,11,0,8,2,2204,200,1,0
Greenland,11,0,11,0,194,0,0,0
Seychelles,11,0,8,3,112,0,0,0
Suriname,10,0,9,0,17,2,1,0
MS Zaandam,9,0,0,7,0,0,2,0
Comoros,8,0,0,7,9,1,1,0
Mauritania,8,0,6,1,2,0.2,1,0
Papua New Guinea,8,0,8,0,0.9,0,0,0
British Virgin Islands,7,0,3,3,232,33,1,0
Bhutan,7,0,5,2,9,0,0,0
Caribbean Netherlands,6,0,0,6,229,0,0,0
St. Barth,6,0,6,0,607,0,0,0
Western Sahara,6,0,5,1,10,0,0,0
Anguilla,3,0,3,0,200,0,0,0
Saint Pierre Miquelon,1,0,0,1,173,0,0,0
China,82887,1,78046,208,58,3,4633,0
USA,1347309,25524,238078,1029194,4070,242,80037,1422
Spain,262783,2666,173157,63148,5620,566,26478,179
Italy,218268,1083,103031,84842,3610,503,30395,194
UK,215260,3896,0,183329,3171,465,31587,346
Russia,198676,10817,31916,164933,1361,13,1827,104
France,176658,579,56038,94310,2706,403,26310,80
Germany,171324,736,143300,20475,2045,90,7549,39
Brazil,156061,10169,61685,83720,734,50,10656,664
Turkey,137115,1546,89480,43896,1626,44,3739,50
Iran,106220,1529,85064,14567,1265,78,6589,48
Canada,67702,1268,31249,31760,1794,124,4693,124
Peru,65015,3168,20246,42955,1972,55,1814,100
India,62808,3113,19301,41406,46,2,2101,116
Belgium,52596,585,13411,30604,4538,740,8581,60
Netherlands,42382,289,0,36710,2473,316,5422,63
Saudi Arabia,37136,1704,10144,26753,1067,7,239,10
Mexico,31522,1906,20314,8048,244,25,3160,199
Switzerland,30251,44,26400,2021,3495,211,1830,7
Ecuador,29071,253,3433,23921,1648,97,1717,13
Pakistan,28736,2301,7809,20291,130,3,636,37
Portugal,27406,138,2499,23781,2688,110,1126,12
Chile,27219,1247,12667,14248,1424,16,304,10
Sweden,25921,656,4971,17730,2567,319,3220,45
Ireland,22760,219,17110,4204,4609,293,1446,17
Singapore,22460,753,2296,20144,3839,3,20,0
Belarus,22052,951,6050,15876,2334,13,126,5
Qatar,21331,1130,2449,18869,7404,5,13,1
UAE,17417,624,4295,12937,1761,19,185,11
Israel,16454,18,11376,4831,1901,29,247,2
Austria,15833,59,13928,1290,1758,68,615,1
Japan,15663,88,5906,9150,124,5,607,17
Poland,15651,285,5437,9429,414,21,785,9
Romania,15131,320,6912,7280,787,49,939,16
Ukraine,14710,515,2909,11425,336,9,376,15
Bangladesh,13770,636,2414,11142,84,1,214,8
Indonesia,13645,533,2607,10079,50,4,959,16
S. Korea,10840,18,9568,1016,211,5,256,0
Philippines,10610,147,1842,8064,97,6,704,8
Colombia,10495,444,2569,7481,206,9,445,17
Denmark,10319,101,8093,1700,1782,91,526,4
Serbia,10032,89,2732,7087,1148,24,213,4
Dominican Republic,9882,506,2584,6913,911,35,385,5
South Africa,9420,525,3983,5251,159,3,186,8
Egypt,8964,488,2002,6448,88,5,514,11
Norway,8099,29,32,7848,1494,40,219,1
Czechia,8095,18,4447,3372,756,26,276,3
Panama,8070,202,886,6953,1870,54,231,6
Kuwait,7623,415,2622,4952,1785,11,49,2
Australia,6929,15,6135,697,272,4,97,0
Malaysia,6589,54,4929,1552,204,3,108,1
Morocco,5910,199,2461,3263,160,5,186,0
Finland,5880,142,4000,1615,1061,48,265,5
Argentina,5776,165,1728,3748,128,7,300,7
Algeria,5558,189,2546,2518,127,11,494,6
Kazakhstan,4975,141,1776,3168,265,2,31,0
Moldova,4867,139,1925,2781,1207,40,161,11
Bahrain,4774,330,2055,2711,2806,5,8,0
Ghana,4263,251,378,3863,137,0.7,22,4
Nigeria,4151,239,745,3278,20,0.6,128,11
Afghanistan,4033,255,502,3416,104,3,115,6
Luxembourg,3877,6,3550,226,6194,161,101,1
Oman,3224,112,1068,2139,631,3,17,1
Hungary,3213,35,904,1904,333,42,405,13
Armenia,3175,146,1267,1864,1071,15,44,1
Thailand,3004,4,2787,161,43,0.8,56,1
Greece,2710,19,1374,1185,260,14,151,1
Iraq,2679,76,1702,870,67,3,107,3
Azerbaijan,2422,143,1620,771,239,3,31,3
Uzbekistan,2349,24,1846,493,70,0.3,10,0
Cameroon,2274,7,1232,934,86,4,108,0
Bolivia,2266,185,237,1923,194,9,106,4
Croatia,2176,15,1726,363,530,21,87,1
Bosnia and Herzegovina,2090,20,1059,929,637,31,102,4
Guinea,2042,33,698,1333,155,0.8,11,0
Bulgaria,1921,49,422,1409,276,13,90,4
Iceland,1801,0,1773,18,5278,29,10,0
Honduras,1771,86,192,1472,179,11,107,2
Cuba,1754,13,1140,540,155,7,74,0
Estonia,1733,8,747,926,1306,45,60,4
Ivory Coast,1667,65,769,877,63,0.8,21,1
Senegal,1634,83,643,974,98,1,17,4
North Macedonia,1622,36,1112,419,779,44,91,1
New Zealand,1492,2,1368,103,309,4,21,0
Slovakia,1455,0,919,510,267,5,26,0
Slovenia,1454,4,255,1098,699,49,101,1
Lithuania,1444,8,828,567,530,18,49,0
Djibouti,1189,54,834,352,1203,3,3,0
Sudan,1164,53,119,981,27,1,64,5
Hong Kong,1045,0,967,74,139,0.5,4,0
Tunisia,1032,2,660,327,87,4,45,0
Somalia,997,69,110,839,63,3,48,4
Mayotte,988,134,492,485,3622,40,11,1
DRC,937,74,130,768,10,0.4,39,3
Kyrgyzstan,931,25,658,261,143,2,12,0
Latvia,930,2,464,448,493,10,18,0
Guatemala,900,68,101,775,50,1,24,1
Cyprus,892,1,401,476,739,12,15,0
Albania,856,6,627,198,297,11,31,0
Sri Lanka,847,12,260,578,40,0.4,9,0
Niger,815,20,617,153,34,2,45,1
Lebanon,809,13,234,549,119,4,26,0
Maldives,790,46,29,758,1461,6,3,0
El Salvador,784,42,276,491,121,3,17,1
Costa Rica,780,7,480,294,153,1,6,0
Andorra,754,2,545,161,9759,621,48,1
Burkina Faso,748,4,569,131,36,2,48,0
Diamond Princess,712,0,645,54,0,0,13,0
Uruguay,702,8,513,171,202,5,18,0
Mali,692,24,298,357,34,2,37,2
Paraguay,689,126,155,524,97,1,10,0
Gabon,661,41,110,543,297,4,8,0
Kenya,649,28,207,412,12,0.6,30,1
Guinea-Bissau,641,47,25,613,326,2,3,1
San Marino,637,14,126,470,18773,1208,41,0
Georgia,626,3,297,319,157,3,10,0
Tajikistan,612,90,0,592,64,2,20,8
Channel Islands,545,0,447,57,3135,236,41,0
Jordan,522,14,387,126,51,0.9,9,0
Tanzania,509,0,183,305,9,0.4,21,0
Jamaica,490,2,62,419,165,3,9,0
Malta,490,1,427,58,1110,11,5,0
Taiwan,440,0,361,73,18,0.3,6,0
Equatorial Guinea,439,0,13,422,313,3,4,0
Réunion,431,5,354,77,481,0,0,0
Venezuela,402,14,190,202,14,0.4,10,0
Palestine,375,0,228,145,74,0.4,2,0
Mauritius,332,0,320,2,261,8,10,0
Isle of Man,329,0,271,35,3869,270,23,0
Montenegro,324,0,274,42,516,13,8,0
Chad,322,62,53,238,20,2,31,3
Sierra Leone,291,34,58,215,36,2,18,1
Vietnam,288,0,241,47,3,0,0,0
Benin,284,42,62,220,23,0.2,2,0
Rwanda,280,7,140,140,22,0,0,0
Congo,274,0,33,231,50,2,10,0
Zambia,252,85,112,133,14,0.4,7,3
Cabo Verde,236,6,56,178,424,4,2,0
Ethiopia,210,16,97,108,2,0.04,5,1
Sao Tome and Principe,208,0,4,199,949,23,5,0
Liberia,199,0,79,100,39,4,20,0
Madagascar,193,0,101,92,7,0,0,0
Faeroe Islands,187,0,187,0,3827,0,0,0
Martinique,186,0,83,89,496,37,14,0
Myanmar,178,1,68,104,3,0.1,6,0
Eswatini,163,4,14,147,140,2,2,0
Guadeloupe,154,0,104,37,385,32,13,0
Togo,153,8,87,56,18,1,10,0
Haiti,151,5,17,122,13,1,12,0
Gibraltar,146,0,142,4,4334,0,0,0
CAR,143,0,10,133,30,0,0,0
Brunei ,141,0,132,8,322,2,1,0
French Guiana,141,0,119,21,472,3,1,0
Cambodia,122,0,120,2,7,0,0,0
South Sudan,120,0,2,118,11,0,0,0
Bermuda,118,0,64,47,1895,112,7,0
Trinidad and Tobago,116,0,104,4,83,6,8,0
Uganda,116,15,55,61,3,0,0,0
Nepal,109,7,31,78,4,0,0,0
Aruba,101,0,89,9,946,28,3,0
Monaco,96,1,82,10,2446,102,4,0
Guyana,94,0,35,49,120,13,10,0
Bahamas,92,0,37,44,234,28,11,0
Mozambique,87,5,34,53,3,0,0,0
Barbados,84,1,57,20,292,24,7,0
Liechtenstein,82,0,55,26,2151,26,1,0
Cayman Islands,81,0,41,39,1232,15,1,0
Sint Maarten,76,0,46,15,1773,350,15,1
Libya,64,0,24,37,9,0.4,3,0
French Polynesia,60,0,56,4,214,0,0,0
Malawi,56,13,14,39,3,0.2,3,0
Syria,47,0,29,15,3,0.2,3,0
Macao,45,0,40,5,69,0,0,0
Angola,43,0,13,28,1,0.06,2,0
Mongolia,42,0,14,28,13,0,0,0
Saint Martin,39,1,30,6,1009,78,3,0
Eritrea,39,0,37,2,11,0,0,0
Zimbabwe,35,1,9,22,2,0.3,4,0
Yemen,34,0,1,26,1,0.2,7,0
Antigua and Barbuda,25,0,19,3,255,31,3,0
Timor-Leste,24,0,21,3,18,0,0,0
Botswana,23,0,12,10,10,0.4,1,0
Grenada,21,0,13,8,187,0,0,0
Gambia,20,0,9,10,8,0.4,1,0
Laos,19,0,13,6,3,0,0,0
Belize,18,0,16,0,45,5,2,0
Fiji,18,0,14,4,20,0,0,0
New Caledonia,18,0,18,0,63,0,0,0
Saint Lucia,18,0,17,1,98,0,0,0
St. Vincent Grenadines,17,0,9,8,153,0,0,0
Nicaragua,16,0,7,4,2,0.8,5,0
Curaçao,16,0,14,1,98,6,1,0
Dominica,16,0,14,2,222,0,0,0
Namibia,16,0,10,6,6,0,0,0
Burundi,15,0,7,7,1,0.08,1,0
Saint Kitts and Nevis,15,0,13,2,282,0,0,0
Falkland Islands,13,0,13,0,3736,0,0,0
Turks and Caicos,12,0,8,3,310,26,1,0
Vatican City,12,0,2,10,14981,0,0,0
Comoros,11,3,0,10,13,1,1,0
Montserrat,11,0,8,2,2204,200,1,0
Greenland,11,0,11,0,194,0,0,0
Seychelles,11,0,8,3,112,0,0,0
Suriname,10,0,9,0,17,2,1,0
MS Zaandam,9,0,0,7,0,0,2,0
Mauritania,8,0,6,1,2,0.2,1,0
Papua New Guinea,8,0,8,0,0.9,0,0,0
British Virgin Islands,7,0,4,2,232,33,1,0
Bhutan,7,0,5,2,9,0,0,0
Caribbean Netherlands,6,0,0,6,229,0,0,0
St. Barth,6,0,6,0,607,0,0,0
Western Sahara,6,0,5,1,10,0,0,0
Anguilla,3,0,3,0,200,0,0,0
Saint Pierre Miquelon,1,0,0,1,173,0,0,0
